Date and Time, Read Value - kWh (kilowatt hours), Reading quality
07/07/25 00:00, 0, Actual
07/07/25 00:05, 0, Actual
07/07/25 00:10, 0, Actual
07/07/25 00:15, 0, Actual
07/07/25 00:20, 0, Actual
07/07/25 00:25, 0, Actual
07/07/25 00:30, 0, Actual
07/07/25 00:35, 0, Actual
07/07/25 00:40, 0, Actual
07/07/25 00:45, 0, Actual
07/07/25 00:50, 0, Actual
07/07/25 00:55, 0, Actual
07/07/25 01:00, 0, Actual
07/07/25 01:05, 0, Actual
07/07/25 01:10, 0, Actual
07/07/25 01:15, 0, Actual
07/07/25 01:20, 0, Actual
07/07/25 01:25, 0, Actual
07/07/25 01:30, 0, Actual
07/07/25 01:35, 0, Actual
07/07/25 01:40, 0, Actual
07/07/25 01:45, 0, Actual
07/07/25 01:50, 0, Actual
07/07/25 01:55, 0, Actual
07/07/25 02:00, 0, Actual
07/07/25 02:05, 0, Actual
07/07/25 02:10, 0, Actual
07/07/25 02:15, 0, Actual
07/07/25 02:20, 0, Actual
07/07/25 02:25, 0, Actual
07/07/25 02:30, 0, Actual
07/07/25 02:35, 0, Actual
07/07/25 02:40, 0, Actual
07/07/25 02:45, 0, Actual
07/07/25 02:50, 0, Actual
07/07/25 02:55, 0, Actual
07/07/25 03:00, 0, Actual
07/07/25 03:05, 0, Actual
07/07/25 03:10, 0, Actual
07/07/25 03:15, 0, Actual
07/07/25 03:20, 0, Actual
07/07/25 03:25, 0, Actual
07/07/25 03:30, 0, Actual
07/07/25 03:35, 0, Actual
07/07/25 03:40, 0, Actual
07/07/25 03:45, 0, Actual
07/07/25 03:50, 0, Actual
07/07/25 03:55, 0, Actual
07/07/25 04:00, 0, Actual
07/07/25 04:05, 0, Actual
07/07/25 04:10, 0, Actual
07/07/25 04:15, 0, Actual
07/07/25 04:20, 0, Actual
07/07/25 04:25, 0, Actual
07/07/25 04:30, 0, Actual
07/07/25 04:35, 0, Actual
07/07/25 04:40, 0, Actual
07/07/25 04:45, 0, Actual
07/07/25 04:50, 0, Actual
07/07/25 04:55, 0, Actual
07/07/25 05:00, 0, Actual
07/07/25 05:05, 0, Actual
07/07/25 05:10, 0, Actual
07/07/25 05:15, 0, Actual
07/07/25 05:20, 0, Actual
07/07/25 05:25, 0, Actual
07/07/25 05:30, 0, Actual
07/07/25 05:35, 0, Actual
07/07/25 05:40, 0, Actual
07/07/25 05:45, 0, Actual
07/07/25 05:50, 0, Actual
07/07/25 05:55, 0, Actual
07/07/25 06:00, 0, Actual
07/07/25 06:05, 0, Actual
07/07/25 06:10, 0, Actual
07/07/25 06:15, 0, Actual
07/07/25 06:20, 0, Actual
07/07/25 06:25, 0, Actual
07/07/25 06:30, 0, Actual
07/07/25 06:35, 0, Actual
07/07/25 06:40, 0, Actual
07/07/25 06:45, 0, Actual
07/07/25 06:50, 0, Actual
07/07/25 06:55, 0, Actual
07/07/25 07:00, 0, Actual
07/07/25 07:05, 0, Actual
07/07/25 07:10, 0, Actual
07/07/25 07:15, 0, Actual
07/07/25 07:20, 0, Actual
07/07/25 07:25, 0, Actual
07/07/25 07:30, 0, Actual
07/07/25 07:35, 0, Actual
07/07/25 07:40, 0, Actual
07/07/25 07:45, 0, Actual
07/07/25 07:50, 0, Actual
07/07/25 07:55, 0, Actual
07/07/25 08:00, 0, Actual
07/07/25 08:05, 0, Actual
07/07/25 08:10, 0, Actual
07/07/25 08:15, 0, Actual
07/07/25 08:20, 0, Actual
07/07/25 08:25, 0, Actual
07/07/25 08:30, 0, Actual
07/07/25 08:35, 0, Actual
07/07/25 08:40, 0, Actual
07/07/25 08:45, 0, Actual
07/07/25 08:50, 0, Actual
07/07/25 08:55, 0, Actual
07/07/25 09:00, 0, Actual
07/07/25 09:05, 0, Actual
07/07/25 09:10, 0, Actual
07/07/25 09:15, 0, Actual
07/07/25 09:20, 0, Actual
07/07/25 09:25, 0, Actual
07/07/25 09:30, 0, Actual
07/07/25 09:35, 0, Actual
07/07/25 09:40, 0, Actual
07/07/25 09:45, 0, Actual
07/07/25 09:50, 0, Actual
07/07/25 09:55, 0, Actual
07/07/25 10:00, 0, Actual
07/07/25 10:05, 0, Actual
07/07/25 10:10, 0, Actual
07/07/25 10:15, 0, Actual
07/07/25 10:20, 0, Actual
07/07/25 10:25, 0, Actual
07/07/25 10:30, 0, Actual
07/07/25 10:35, 0, Actual
07/07/25 10:40, 0, Actual
07/07/25 10:45, 0, Actual
07/07/25 10:50, 0, Actual
07/07/25 10:55, 0, Actual
07/07/25 11:00, 0, Actual
07/07/25 11:05, 0, Actual
07/07/25 11:10, 0, Actual
07/07/25 11:15, 0, Actual
07/07/25 11:20, 0, Actual
07/07/25 11:25, 0, Actual
07/07/25 11:30, 0, Actual
07/07/25 11:35, 0, Actual
07/07/25 11:40, 0, Actual
07/07/25 11:45, 0, Actual
07/07/25 11:50, 0, Actual
07/07/25 11:55, 0, Actual
07/07/25 12:00, 0, Actual
07/07/25 12:05, 0, Actual
07/07/25 12:10, 0, Actual
07/07/25 12:15, 0, Actual
07/07/25 12:20, 0, Actual
07/07/25 12:25, 0, Actual
07/07/25 12:30, 0, Actual
07/07/25 12:35, 0, Actual
07/07/25 12:40, 0, Actual
07/07/25 12:45, 0, Actual
07/07/25 12:50, 0, Actual
07/07/25 12:55, 0, Actual
07/07/25 13:00, 0, Actual
07/07/25 13:05, 0, Actual
07/07/25 13:10, 0, Actual
07/07/25 13:15, 0, Actual
07/07/25 13:20, 0, Actual
07/07/25 13:25, 0, Actual
07/07/25 13:30, 0, Actual
07/07/25 13:35, 0, Actual
07/07/25 13:40, 0, Actual
07/07/25 13:45, 0, Actual
07/07/25 13:50, 0, Actual
07/07/25 13:55, 0, Actual
07/07/25 14:00, 0, Actual
07/07/25 14:05, 0, Actual
07/07/25 14:10, 0, Actual
07/07/25 14:15, 0, Actual
07/07/25 14:20, 0, Actual
07/07/25 14:25, 0.02, Actual
07/07/25 14:30, 0.011, Actual
07/07/25 14:35, 0.01, Actual
07/07/25 14:40, 0.009, Actual
07/07/25 14:45, 0.01, Actual
07/07/25 14:50, 0.01, Actual
07/07/25 14:55, 0.009, Actual
07/07/25 15:00, 0.01, Actual
07/07/25 15:05, 0.01, Actual
07/07/25 15:10, 0.009, Actual
07/07/25 15:15, 0.01, Actual
07/07/25 15:20, 0.009, Actual
07/07/25 15:25, 0.01, Actual
07/07/25 15:30, 0.009, Actual
07/07/25 15:35, 0.01, Actual
07/07/25 15:40, 0.01, Actual
07/07/25 15:45, 0.009, Actual
07/07/25 15:50, 0.01, Actual
07/07/25 15:55, 0.01, Actual
07/07/25 16:00, 0.009, Actual
07/07/25 16:05, 0.01, Actual
07/07/25 16:10, 0.009, Actual
07/07/25 16:15, 0.01, Actual
07/07/25 16:20, 0.01, Actual
07/07/25 16:25, 0.012, Actual
07/07/25 16:30, 0.013, Actual
07/07/25 16:35, 0.012, Actual
07/07/25 16:40, 0.013, Actual
07/07/25 16:45, 0.012, Actual
07/07/25 16:50, 0.013, Actual
07/07/25 16:55, 0.014, Actual
07/07/25 17:00, 0.013, Actual
07/07/25 17:05, 0.014, Actual
07/07/25 17:10, 0.013, Actual
07/07/25 17:15, 0.014, Actual
07/07/25 17:20, 0.013, Actual
07/07/25 17:25, 0.014, Actual
07/07/25 17:30, 0.013, Actual
07/07/25 17:35, 0.014, Actual
07/07/25 17:40, 0.014, Actual
07/07/25 17:45, 0.013, Actual
07/07/25 17:50, 0.014, Actual
07/07/25 17:55, 0.014, Actual
07/07/25 18:00, 0.014, Actual
07/07/25 18:05, 0.014, Actual
07/07/25 18:10, 0.013, Actual
07/07/25 18:15, 0.014, Actual
07/07/25 18:20, 0.014, Actual
07/07/25 18:25, 0.014, Actual
07/07/25 18:30, 0.014, Actual
07/07/25 18:35, 0.013, Actual
07/07/25 18:40, 0.014, Actual
07/07/25 18:45, 0.014, Actual
07/07/25 18:50, 0.014, Actual
07/07/25 18:55, 0.014, Actual
07/07/25 19:00, 0.014, Actual
07/07/25 19:05, 0.014, Actual
07/07/25 19:10, 0.014, Actual
07/07/25 19:15, 0.014, Actual
07/07/25 19:20, 0.013, Actual
07/07/25 19:25, 0.015, Actual
07/07/25 19:30, 0.014, Actual
07/07/25 19:35, 0.015, Actual
07/07/25 19:40, 0.014, Actual
07/07/25 19:45, 0.014, Actual
07/07/25 19:50, 0.015, Actual
07/07/25 19:55, 0.014, Actual
07/07/25 20:00, 0.014, Actual
07/07/25 20:05, 0.015, Actual
07/07/25 20:10, 0.014, Actual
07/07/25 20:15, 0.015, Actual
07/07/25 20:20, 0.014, Actual
07/07/25 20:25, 0.014, Actual
07/07/25 20:30, 0.015, Actual
07/07/25 20:35, 0.014, Actual
07/07/25 20:40, 0.015, Actual
07/07/25 20:45, 0.014, Actual
07/07/25 20:50, 0.014, Actual
07/07/25 20:55, 0.015, Actual
07/07/25 21:00, 0.015, Actual
07/07/25 21:05, 0.014, Actual
07/07/25 21:10, 0.015, Actual
07/07/25 21:15, 0.014, Actual
07/07/25 21:20, 0.015, Actual
07/07/25 21:25, 0.014, Actual
07/07/25 21:30, 0.014, Actual
07/07/25 21:35, 0.015, Actual
07/07/25 21:40, 0.014, Actual
07/07/25 21:45, 0.015, Actual
07/07/25 21:50, 0.014, Actual
07/07/25 21:55, 0.015, Actual
07/07/25 22:00, 0.014, Actual
07/07/25 22:05, 0.014, Actual
07/07/25 22:10, 0.014, Actual
07/07/25 22:15, 0.015, Actual
07/07/25 22:20, 0.014, Actual
07/07/25 22:25, 0.014, Actual
07/07/25 22:30, 0.014, Actual
07/07/25 22:35, 0.015, Actual
07/07/25 22:40, 0.014, Actual
07/07/25 22:45, 0.015, Actual
07/07/25 22:50, 0.014, Actual
07/07/25 22:55, 0.015, Actual
07/07/25 23:00, 0.014, Actual
07/07/25 23:05, 0.014, Actual
07/07/25 23:10, 0.015, Actual
07/07/25 23:15, 0.014, Actual
07/07/25 23:20, 0.015, Actual
07/07/25 23:25, 0.015, Actual
07/07/25 23:30, 0.014, Actual
07/07/25 23:35, 0.015, Actual
07/07/25 23:40, 0.014, Actual
07/07/25 23:45, 0.015, Actual
07/07/25 23:50, 0.014, Actual
07/07/25 23:55, 0.015, Actual
08/07/25 00:00, 0.014, Actual
08/07/25 00:05, 0.015, Actual
08/07/25 00:10, 0.015, Actual
08/07/25 00:15, 0.014, Actual
08/07/25 00:20, 0.015, Actual
08/07/25 00:25, 0.015, Actual
08/07/25 00:30, 0.014, Actual
08/07/25 00:35, 0.015, Actual
08/07/25 00:40, 0.015, Actual
08/07/25 00:45, 0.014, Actual
08/07/25 00:50, 0.015, Actual
08/07/25 00:55, 0.015, Actual
08/07/25 01:00, 0.015, Actual
08/07/25 01:05, 0.014, Actual
08/07/25 01:10, 0.015, Actual
08/07/25 01:15, 0.015, Actual
08/07/25 01:20, 0.015, Actual
08/07/25 01:25, 0.015, Actual
08/07/25 01:30, 0.014, Actual
08/07/25 01:35, 0.015, Actual
08/07/25 01:40, 0.015, Actual
08/07/25 01:45, 0.014, Actual
08/07/25 01:50, 0.015, Actual
08/07/25 01:55, 0.015, Actual
08/07/25 02:00, 0.014, Actual
08/07/25 02:05, 0.015, Actual
08/07/25 02:10, 0.014, Actual
08/07/25 02:15, 0.015, Actual
08/07/25 02:20, 0.015, Actual
08/07/25 02:25, 0.014, Actual
08/07/25 02:30, 0.015, Actual
08/07/25 02:35, 0.015, Actual
08/07/25 02:40, 0.014, Actual
08/07/25 02:45, 0.015, Actual
08/07/25 02:50, 0.014, Actual
08/07/25 02:55, 0.015, Actual
08/07/25 03:00, 0.015, Actual
08/07/25 03:05, 0.014, Actual
08/07/25 03:10, 0.015, Actual
08/07/25 03:15, 0.014, Actual
08/07/25 03:20, 0.015, Actual
08/07/25 03:25, 0.014, Actual
08/07/25 03:30, 0.015, Actual
08/07/25 03:35, 0.015, Actual
08/07/25 03:40, 0.015, Actual
08/07/25 03:45, 0.015, Actual
08/07/25 03:50, 0.014, Actual
08/07/25 03:55, 0.015, Actual
08/07/25 04:00, 0.015, Actual
08/07/25 04:05, 0.014, Actual
08/07/25 04:10, 0.015, Actual
08/07/25 04:15, 0.015, Actual
08/07/25 04:20, 0.014, Actual
08/07/25 04:25, 0.014, Actual
08/07/25 04:30, 0.015, Actual
08/07/25 04:35, 0.014, Actual
08/07/25 04:40, 0.014, Actual
08/07/25 04:45, 0.014, Actual
08/07/25 04:50, 0.015, Actual
08/07/25 04:55, 0.014, Actual
08/07/25 05:00, 0.014, Actual
08/07/25 05:05, 0.014, Actual
08/07/25 05:10, 0.014, Actual
08/07/25 05:15, 0.014, Actual
08/07/25 05:20, 0.014, Actual
08/07/25 05:25, 0.014, Actual
08/07/25 05:30, 0.015, Actual
08/07/25 05:35, 0.014, Actual
08/07/25 05:40, 0.014, Actual
08/07/25 05:45, 0.014, Actual
08/07/25 05:50, 0.014, Actual
08/07/25 05:55, 0.014, Actual
08/07/25 06:00, 0.013, Actual
08/07/25 06:05, 0.014, Actual
08/07/25 06:10, 0.014, Actual
08/07/25 06:15, 0.014, Actual
08/07/25 06:20, 0.014, Actual
08/07/25 06:25, 0.014, Actual
08/07/25 06:30, 0.014, Actual
08/07/25 06:35, 0.014, Actual
08/07/25 06:40, 0.014, Actual
08/07/25 06:45, 0.015, Actual
08/07/25 06:50, 0.014, Actual
08/07/25 06:55, 0.013, Actual
08/07/25 07:00, 0.014, Actual
08/07/25 07:05, 0.014, Actual
08/07/25 07:10, 0.014, Actual
08/07/25 07:15, 0.013, Actual
08/07/25 07:20, 0.014, Actual
08/07/25 07:25, 0.014, Actual
08/07/25 07:30, 0.014, Actual
08/07/25 07:35, 0.014, Actual
08/07/25 07:40, 0.014, Actual
08/07/25 07:45, 0.014, Actual
08/07/25 07:50, 0.013, Actual
08/07/25 07:55, 0.014, Actual
08/07/25 08:00, 0.014, Actual
08/07/25 08:05, 0.013, Actual
08/07/25 08:10, 0.014, Actual
08/07/25 08:15, 0.014, Actual
08/07/25 08:20, 0.014, Actual
08/07/25 08:25, 0.014, Actual
08/07/25 08:30, 0.014, Actual
08/07/25 08:35, 0.014, Actual
08/07/25 08:40, 0.013, Actual
08/07/25 08:45, 0.014, Actual
08/07/25 08:50, 0.014, Actual
08/07/25 08:55, 0.014, Actual
08/07/25 09:00, 0.014, Actual
08/07/25 09:05, 0.014, Actual
08/07/25 09:10, 0.014, Actual
08/07/25 09:15, 0.014, Actual
08/07/25 09:20, 0.014, Actual
08/07/25 09:25, 0.014, Actual
08/07/25 09:30, 0.014, Actual
08/07/25 09:35, 0.014, Actual
08/07/25 09:40, 0.014, Actual
08/07/25 09:45, 0.014, Actual
08/07/25 09:50, 0.014, Actual
08/07/25 09:55, 0.013, Actual
08/07/25 10:00, 0.014, Actual
08/07/25 10:05, 0.014, Actual
08/07/25 10:10, 0.014, Actual
08/07/25 10:15, 0.014, Actual
08/07/25 10:20, 0.014, Actual
08/07/25 10:25, 0.014, Actual
08/07/25 10:30, 0.016, Actual
08/07/25 10:35, 0.015, Actual
08/07/25 10:40, 0.014, Actual
08/07/25 10:45, 0.013, Actual
08/07/25 10:50, 0.013, Actual
08/07/25 10:55, 0.013, Actual
08/07/25 11:00, 0.013, Actual
08/07/25 11:05, 0.012, Actual
08/07/25 11:10, 0.013, Actual
08/07/25 11:15, 0.013, Actual
08/07/25 11:20, 0.012, Actual
08/07/25 11:25, 0.013, Actual
08/07/25 11:30, 0.013, Actual
08/07/25 11:35, 0.013, Actual
08/07/25 11:40, 0.013, Actual
08/07/25 11:45, 0.013, Actual
08/07/25 11:50, 0.013, Actual
08/07/25 11:55, 0.013, Actual
08/07/25 12:00, 0.013, Actual
08/07/25 12:05, 0.013, Actual
08/07/25 12:10, 0.013, Actual
08/07/25 12:15, 0.013, Actual
08/07/25 12:20, 0.013, Actual
08/07/25 12:25, 0.013, Actual
08/07/25 12:30, 0.013, Actual
08/07/25 12:35, 0.012, Actual
08/07/25 12:40, 0.013, Actual
08/07/25 12:45, 0.013, Actual
08/07/25 12:50, 0.012, Actual
08/07/25 12:55, 0.013, Actual
08/07/25 13:00, 0.013, Actual
08/07/25 13:05, 0.012, Actual
08/07/25 13:10, 0.013, Actual
08/07/25 13:15, 0.013, Actual
08/07/25 13:20, 0.012, Actual
08/07/25 13:25, 0.013, Actual
08/07/25 13:30, 0.013, Actual
08/07/25 13:35, 0.012, Actual
08/07/25 13:40, 0.013, Actual
08/07/25 13:45, 0.013, Actual
08/07/25 13:50, 0.012, Actual
08/07/25 13:55, 0.013, Actual
08/07/25 14:00, 0.013, Actual
08/07/25 14:05, 0.013, Actual
08/07/25 14:10, 0.012, Actual
08/07/25 14:15, 0.013, Actual
08/07/25 14:20, 0.013, Actual
08/07/25 14:25, 0.013, Actual
08/07/25 14:30, 0.013, Actual
08/07/25 14:35, 0.012, Actual
08/07/25 14:40, 0.013, Actual
08/07/25 14:45, 0.013, Actual
08/07/25 14:50, 0.013, Actual
08/07/25 14:55, 0.014, Actual
08/07/25 15:00, 0.015, Actual
08/07/25 15:05, 0.065, Actual
08/07/25 15:10, 0.119, Actual
08/07/25 15:15, 0.118, Actual
08/07/25 15:20, 0.142, Actual
08/07/25 15:25, 0.099, Actual
08/07/25 15:30, 0.124, Actual
08/07/25 15:35, 0.022, Actual
08/07/25 15:40, 0.014, Actual
08/07/25 15:45, 0.021, Actual
08/07/25 15:50, 0.011, Actual
08/07/25 15:55, 0.011, Actual
08/07/25 16:00, 0.01, Actual
08/07/25 16:05, 0.011, Actual
08/07/25 16:10, 0.011, Actual
08/07/25 16:15, 0.01, Actual
08/07/25 16:20, 0.011, Actual
08/07/25 16:25, 0.01, Actual
08/07/25 16:30, 0.011, Actual
08/07/25 16:35, 0.011, Actual
08/07/25 16:40, 0.01, Actual
08/07/25 16:45, 0.011, Actual
08/07/25 16:50, 0.011, Actual
08/07/25 16:55, 0.01, Actual
08/07/25 17:00, 0.011, Actual
08/07/25 17:05, 0.011, Actual
08/07/25 17:10, 0.011, Actual
08/07/25 17:15, 0.01, Actual
08/07/25 17:20, 0.011, Actual
08/07/25 17:25, 0.01, Actual
08/07/25 17:30, 0.011, Actual
08/07/25 17:35, 0.01, Actual
08/07/25 17:40, 0.011, Actual
08/07/25 17:45, 0.01, Actual
08/07/25 17:50, 0.011, Actual
08/07/25 17:55, 0.011, Actual
08/07/25 18:00, 0.01, Actual
08/07/25 18:05, 0.011, Actual
08/07/25 18:10, 0.01, Actual
08/07/25 18:15, 0.011, Actual
08/07/25 18:20, 0.011, Actual
08/07/25 18:25, 0.01, Actual
08/07/25 18:30, 0.011, Actual
08/07/25 18:35, 0.011, Actual
08/07/25 18:40, 0.011, Actual
08/07/25 18:45, 0.011, Actual
08/07/25 18:50, 0.011, Actual
08/07/25 18:55, 0.011, Actual
08/07/25 19:00, 0.011, Actual
08/07/25 19:05, 0.011, Actual
08/07/25 19:10, 0.011, Actual
08/07/25 19:15, 0.011, Actual
08/07/25 19:20, 0.011, Actual
08/07/25 19:25, 0.011, Actual
08/07/25 19:30, 0.011, Actual
08/07/25 19:35, 0.011, Actual
08/07/25 19:40, 0.011, Actual
08/07/25 19:45, 0.011, Actual
08/07/25 19:50, 0.011, Actual
08/07/25 19:55, 0.011, Actual
08/07/25 20:00, 0.011, Actual
08/07/25 20:05, 0.011, Actual
08/07/25 20:10, 0.011, Actual
08/07/25 20:15, 0.012, Actual
08/07/25 20:20, 0.011, Actual
08/07/25 20:25, 0.011, Actual
08/07/25 20:30, 0.011, Actual
08/07/25 20:35, 0.011, Actual
08/07/25 20:40, 0.011, Actual
08/07/25 20:45, 0.012, Actual
08/07/25 20:50, 0.011, Actual
08/07/25 20:55, 0.011, Actual
08/07/25 21:00, 0.011, Actual
08/07/25 21:05, 0.012, Actual
08/07/25 21:10, 0.011, Actual
08/07/25 21:15, 0.011, Actual
08/07/25 21:20, 0.011, Actual
08/07/25 21:25, 0.011, Actual
08/07/25 21:30, 0.011, Actual
08/07/25 21:35, 0.011, Actual
08/07/25 21:40, 0.011, Actual
08/07/25 21:45, 0.011, Actual
08/07/25 21:50, 0.011, Actual
08/07/25 21:55, 0.011, Actual
08/07/25 22:00, 0.011, Actual
08/07/25 22:05, 0.011, Actual
08/07/25 22:10, 0.011, Actual
08/07/25 22:15, 0.011, Actual
08/07/25 22:20, 0.012, Actual
08/07/25 22:25, 0.011, Actual
08/07/25 22:30, 0.011, Actual
08/07/25 22:35, 0.011, Actual
08/07/25 22:40, 0.011, Actual
08/07/25 22:45, 0.011, Actual
08/07/25 22:50, 0.011, Actual
08/07/25 22:55, 0.011, Actual
08/07/25 23:00, 0.011, Actual
08/07/25 23:05, 0.012, Actual
08/07/25 23:10, 0.011, Actual
08/07/25 23:15, 0.011, Actual
08/07/25 23:20, 0.012, Actual
08/07/25 23:25, 0.011, Actual
08/07/25 23:30, 0.011, Actual
08/07/25 23:35, 0.012, Actual
08/07/25 23:40, 0.011, Actual
08/07/25 23:45, 0.011, Actual
08/07/25 23:50, 0.012, Actual
08/07/25 23:55, 0.011, Actual
09/07/25 00:00, 0.011, Actual
09/07/25 00:05, 0.012, Actual
09/07/25 00:10, 0.011, Actual
09/07/25 00:15, 0.011, Actual
09/07/25 00:20, 0.012, Actual
09/07/25 00:25, 0.011, Actual
09/07/25 00:30, 0.012, Actual
09/07/25 00:35, 0.011, Actual
09/07/25 00:40, 0.011, Actual
09/07/25 00:45, 0.012, Actual
09/07/25 00:50, 0.011, Actual
09/07/25 00:55, 0.012, Actual
09/07/25 01:00, 0.011, Actual
09/07/25 01:05, 0.011, Actual
09/07/25 01:10, 0.012, Actual
09/07/25 01:15, 0.011, Actual
09/07/25 01:20, 0.012, Actual
09/07/25 01:25, 0.011, Actual
09/07/25 01:30, 0.011, Actual
09/07/25 01:35, 0.012, Actual
09/07/25 01:40, 0.011, Actual
09/07/25 01:45, 0.012, Actual
09/07/25 01:50, 0.011, Actual
09/07/25 01:55, 0.011, Actual
09/07/25 02:00, 0.012, Actual
09/07/25 02:05, 0.011, Actual
09/07/25 02:10, 0.012, Actual
09/07/25 02:15, 0.011, Actual
09/07/25 02:20, 0.012, Actual
09/07/25 02:25, 0.011, Actual
09/07/25 02:30, 0.012, Actual
09/07/25 02:35, 0.011, Actual
09/07/25 02:40, 0.012, Actual
09/07/25 02:45, 0.011, Actual
09/07/25 02:50, 0.012, Actual
09/07/25 02:55, 0.011, Actual
09/07/25 03:00, 0.012, Actual
09/07/25 03:05, 0.011, Actual
09/07/25 03:10, 0.012, Actual
09/07/25 03:15, 0.011, Actual
09/07/25 03:20, 0.012, Actual
09/07/25 03:25, 0.011, Actual
09/07/25 03:30, 0.012, Actual
09/07/25 03:35, 0.011, Actual
09/07/25 03:40, 0.012, Actual
09/07/25 03:45, 0.011, Actual
09/07/25 03:50, 0.012, Actual
09/07/25 03:55, 0.011, Actual
09/07/25 04:00, 0.012, Actual
09/07/25 04:05, 0.011, Actual
09/07/25 04:10, 0.012, Actual
09/07/25 04:15, 0.011, Actual
09/07/25 04:20, 0.012, Actual
09/07/25 04:25, 0.011, Actual
09/07/25 04:30, 0.012, Actual
09/07/25 04:35, 0.011, Actual
09/07/25 04:40, 0.012, Actual
09/07/25 04:45, 0.011, Actual
09/07/25 04:50, 0.012, Actual
09/07/25 04:55, 0.011, Actual
09/07/25 05:00, 0.012, Actual
09/07/25 05:05, 0.011, Actual
09/07/25 05:10, 0.011, Actual
09/07/25 05:15, 0.012, Actual
09/07/25 05:20, 0.011, Actual
09/07/25 05:25, 0.012, Actual
09/07/25 05:30, 0.011, Actual
09/07/25 05:35, 0.011, Actual
09/07/25 05:40, 0.012, Actual
09/07/25 05:45, 0.011, Actual
09/07/25 05:50, 0.012, Actual
09/07/25 05:55, 0.011, Actual
09/07/25 06:00, 0.012, Actual
09/07/25 06:05, 0.011, Actual
09/07/25 06:10, 0.012, Actual
09/07/25 06:15, 0.011, Actual
09/07/25 06:20, 0.012, Actual
09/07/25 06:25, 0.011, Actual
09/07/25 06:30, 0.012, Actual
09/07/25 06:35, 0.012, Actual
09/07/25 06:40, 0.011, Actual
09/07/25 06:45, 0.012, Actual
09/07/25 06:50, 0.011, Actual
09/07/25 06:55, 0.011, Actual
09/07/25 07:00, 0.012, Actual
09/07/25 07:05, 0.011, Actual
09/07/25 07:10, 0.012, Actual
09/07/25 07:15, 0.011, Actual
09/07/25 07:20, 0.011, Actual
09/07/25 07:25, 0.012, Actual
09/07/25 07:30, 0.011, Actual
09/07/25 07:35, 0.012, Actual
09/07/25 07:40, 0.011, Actual
09/07/25 07:45, 0.011, Actual
09/07/25 07:50, 0.012, Actual
09/07/25 07:55, 0.012, Actual
09/07/25 08:00, 0.011, Actual
09/07/25 08:05, 0.012, Actual
09/07/25 08:10, 0.014, Actual
09/07/25 08:15, 0.017, Actual
09/07/25 08:20, 0.017, Actual
09/07/25 08:25, 0.016, Actual
09/07/25 08:30, 0.02, Actual
09/07/25 08:35, 0.019, Actual
09/07/25 08:40, 0.028, Actual
09/07/25 08:45, 0.018, Actual
09/07/25 08:50, 0.017, Actual
09/07/25 08:55, 0.018, Actual
09/07/25 09:00, 0.018, Actual
09/07/25 09:05, 0.018, Actual
09/07/25 09:10, 0.017, Actual
09/07/25 09:15, 0.018, Actual
09/07/25 09:20, 0.018, Actual
09/07/25 09:25, 0.017, Actual
09/07/25 09:30, 0.018, Actual
09/07/25 09:35, 0.017, Actual
09/07/25 09:40, 0.018, Actual
09/07/25 09:45, 0.017, Actual
09/07/25 09:50, 0.018, Actual
09/07/25 09:55, 0.017, Actual
09/07/25 10:00, 0.018, Actual
09/07/25 10:05, 0.017, Actual
09/07/25 10:10, 0.017, Actual
09/07/25 10:15, 0.018, Actual
09/07/25 10:20, 0.018, Actual
09/07/25 10:25, 0.017, Actual
09/07/25 10:30, 0.018, Actual
09/07/25 10:35, 0.018, Actual
09/07/25 10:40, 0.017, Actual
09/07/25 10:45, 0.018, Actual
09/07/25 10:50, 0.018, Actual
09/07/25 10:55, 0.017, Actual
09/07/25 11:00, 0.018, Actual
09/07/25 11:05, 0.017, Actual
09/07/25 11:10, 0.018, Actual
09/07/25 11:15, 0.018, Actual
09/07/25 11:20, 0.017, Actual
09/07/25 11:25, 0.018, Actual
09/07/25 11:30, 0.017, Actual
09/07/25 11:35, 0.018, Actual
09/07/25 11:40, 0.017, Actual
09/07/25 11:45, 0.018, Actual
09/07/25 11:50, 0.018, Actual
09/07/25 11:55, 0.027, Actual
09/07/25 12:00, 0.017, Actual
09/07/25 12:05, 0.019, Actual
09/07/25 12:10, 0.018, Actual
09/07/25 12:15, 0.018, Actual
09/07/25 12:20, 0.018, Actual
09/07/25 12:25, 0.018, Actual
09/07/25 12:30, 0.018, Actual
09/07/25 12:35, 0.019, Actual
09/07/25 12:40, 0.018, Actual
09/07/25 12:45, 0.018, Actual
09/07/25 12:50, 0.018, Actual
09/07/25 12:55, 0.018, Actual
09/07/25 13:00, 0.018, Actual
09/07/25 13:05, 0.019, Actual
09/07/25 13:10, 0.018, Actual
09/07/25 13:15, 0.018, Actual
09/07/25 13:20, 0.018, Actual
09/07/25 13:25, 0.039, Actual
09/07/25 13:30, 0.068, Actual
09/07/25 13:35, 0.056, Actual
09/07/25 13:40, 0.044, Actual
09/07/25 13:45, 0.017, Actual
09/07/25 13:50, 0.018, Actual
09/07/25 13:55, 0.018, Actual
09/07/25 14:00, 0.018, Actual
09/07/25 14:05, 0.018, Actual
09/07/25 14:10, 0.035, Actual
09/07/25 14:15, 0.017, Actual
09/07/25 14:20, 0.018, Actual
09/07/25 14:25, 0.018, Actual
09/07/25 14:30, 0.014, Actual
09/07/25 14:35, 0.014, Actual
09/07/25 14:40, 0.014, Actual
09/07/25 14:45, 0.014, Actual
09/07/25 14:50, 0.015, Actual
09/07/25 14:55, 0.014, Actual
09/07/25 15:00, 0.015, Actual
09/07/25 15:05, 0.014, Actual
09/07/25 15:10, 0.015, Actual
09/07/25 15:15, 0.015, Actual
09/07/25 15:20, 0.014, Actual
09/07/25 15:25, 0.015, Actual
09/07/25 15:30, 0.021, Actual
09/07/25 15:35, 0.018, Actual
09/07/25 15:40, 0.019, Actual
09/07/25 15:45, 0.031, Actual
09/07/25 15:50, 0.021, Actual
09/07/25 15:55, 0.018, Actual
09/07/25 16:00, 0.019, Actual
09/07/25 16:05, 0.019, Actual
09/07/25 16:10, 0.019, Actual
09/07/25 16:15, 0.019, Actual
09/07/25 16:20, 0.021, Actual
09/07/25 16:25, 0.024, Actual
09/07/25 16:30, 0.042, Actual
09/07/25 16:35, 0.043, Actual
09/07/25 16:40, 0.036, Actual
09/07/25 16:45, 0.035, Actual
09/07/25 16:50, 0.034, Actual
09/07/25 16:55, 0.035, Actual
09/07/25 17:00, 0.034, Actual
09/07/25 17:05, 0.041, Actual
09/07/25 17:10, 0.035, Actual
09/07/25 17:15, 0.039, Actual
09/07/25 17:20, 0.041, Actual
09/07/25 17:25, 0.041, Actual
09/07/25 17:30, 0.047, Actual
09/07/25 17:35, 0.056, Actual
09/07/25 17:40, 0.054, Actual
09/07/25 17:45, 0.061, Actual
09/07/25 17:50, 0.046, Actual
09/07/25 17:55, 0.055, Actual
09/07/25 18:00, 0.045, Actual
09/07/25 18:05, 0.042, Actual
09/07/25 18:10, 0.042, Actual
09/07/25 18:15, 0.043, Actual
09/07/25 18:20, 0.044, Actual
09/07/25 18:25, 0.045, Actual
09/07/25 18:30, 0.07, Actual
09/07/25 18:35, 0.029, Actual
09/07/25 18:40, 0.033, Actual
09/07/25 18:45, 0.036, Actual
09/07/25 18:50, 0.034, Actual
09/07/25 18:55, 0.027, Actual
09/07/25 19:00, 0.042, Actual
09/07/25 19:05, 0.034, Actual
09/07/25 19:10, 0.228, Actual
09/07/25 19:15, 0.227, Actual
09/07/25 19:20, 0.164, Actual
09/07/25 19:25, 0.313, Actual
09/07/25 19:30, 0.257, Actual
09/07/25 19:35, 0.165, Actual
09/07/25 19:40, 0.135, Actual
09/07/25 19:45, 0.116, Actual
09/07/25 19:50, 0.104, Actual
09/07/25 19:55, 0.085, Actual
09/07/25 20:00, 0.087, Actual
09/07/25 20:05, 0.093, Actual
09/07/25 20:10, 0.095, Actual
09/07/25 20:15, 0.098, Actual
09/07/25 20:20, 0.097, Actual
09/07/25 20:25, 0.028, Actual
09/07/25 20:30, 0.027, Actual
09/07/25 20:35, 0.013, Actual
09/07/25 20:40, 0.018, Actual
09/07/25 20:45, 0.026, Actual
09/07/25 20:50, 0.027, Actual
09/07/25 20:55, 0.02, Actual
09/07/25 21:00, 0.019, Actual
09/07/25 21:05, 0.019, Actual
09/07/25 21:10, 0.02, Actual
09/07/25 21:15, 0.019, Actual
09/07/25 21:20, 0.02, Actual
09/07/25 21:25, 0.018, Actual
09/07/25 21:30, 0.018, Actual
09/07/25 21:35, 0.019, Actual
09/07/25 21:40, 0.025, Actual
09/07/25 21:45, 0.027, Actual
09/07/25 21:50, 0.022, Actual
09/07/25 21:55, 0.014, Actual
09/07/25 22:00, 0.015, Actual
09/07/25 22:05, 0.015, Actual
09/07/25 22:10, 0.006, Actual
09/07/25 22:15, 0.006, Actual
09/07/25 22:20, 0.006, Actual
09/07/25 22:25, 0.006, Actual
09/07/25 22:30, 0.006, Actual
09/07/25 22:35, 0.006, Actual
09/07/25 22:40, 0.011, Actual
09/07/25 22:45, 0.015, Actual
09/07/25 22:50, 0.011, Actual
09/07/25 22:55, 0.006, Actual
09/07/25 23:00, 0.006, Actual
09/07/25 23:05, 0.006, Actual
09/07/25 23:10, 0.006, Actual
09/07/25 23:15, 0.006, Actual
09/07/25 23:20, 0.006, Actual
09/07/25 23:25, 0.006, Actual
09/07/25 23:30, 0.006, Actual
09/07/25 23:35, 0.006, Actual
09/07/25 23:40, 0.012, Actual
09/07/25 23:45, 0.014, Actual
09/07/25 23:50, 0.008, Actual
09/07/25 23:55, 0.009, Actual
10/07/25 00:00, 0.008, Actual
10/07/25 00:05, 0.008, Actual
10/07/25 00:10, 0.008, Actual
10/07/25 00:15, 0.008, Actual
10/07/25 00:20, 0.009, Actual
10/07/25 00:25, 0.008, Actual
10/07/25 00:30, 0.008, Actual
10/07/25 00:35, 0.009, Actual
10/07/25 00:40, 0.014, Actual
10/07/25 00:45, 0.017, Actual
10/07/25 00:50, 0.01, Actual
10/07/25 00:55, 0.008, Actual
10/07/25 01:00, 0.009, Actual
10/07/25 01:05, 0.008, Actual
10/07/25 01:10, 0.008, Actual
10/07/25 01:15, 0.009, Actual
10/07/25 01:20, 0.008, Actual
10/07/25 01:25, 0.008, Actual
10/07/25 01:30, 0.008, Actual
10/07/25 01:35, 0.009, Actual
10/07/25 01:40, 0.014, Actual
10/07/25 01:45, 0.017, Actual
10/07/25 01:50, 0.01, Actual
10/07/25 01:55, 0.008, Actual
10/07/25 02:00, 0.012, Actual
10/07/25 02:05, 0.008, Actual
10/07/25 02:10, 0.009, Actual
10/07/25 02:15, 0.008, Actual
10/07/25 02:20, 0.009, Actual
10/07/25 02:25, 0.008, Actual
10/07/25 02:30, 0.008, Actual
10/07/25 02:35, 0.009, Actual
10/07/25 02:40, 0.014, Actual
10/07/25 02:45, 0.017, Actual
10/07/25 02:50, 0.01, Actual
10/07/25 02:55, 0.008, Actual
10/07/25 03:00, 0.009, Actual
10/07/25 03:05, 0.008, Actual
10/07/25 03:10, 0.009, Actual
10/07/25 03:15, 0.008, Actual
10/07/25 03:20, 0.017, Actual
10/07/25 03:25, 0.008, Actual
10/07/25 03:30, 0.008, Actual
10/07/25 03:35, 0.009, Actual
10/07/25 03:40, 0.015, Actual
10/07/25 03:45, 0.016, Actual
10/07/25 03:50, 0.01, Actual
10/07/25 03:55, 0.008, Actual
10/07/25 04:00, 0.009, Actual
10/07/25 04:05, 0.008, Actual
10/07/25 04:10, 0.01, Actual
10/07/25 04:15, 0.011, Actual
10/07/25 04:20, 0.011, Actual
10/07/25 04:25, 0.011, Actual
10/07/25 04:30, 0.01, Actual
10/07/25 04:35, 0.011, Actual
10/07/25 04:40, 0.017, Actual
10/07/25 04:45, 0.02, Actual
10/07/25 04:50, 0.012, Actual
10/07/25 04:55, 0.011, Actual
10/07/25 05:00, 0.011, Actual
10/07/25 05:05, 0.01, Actual
10/07/25 05:10, 0.011, Actual
10/07/25 05:15, 0.011, Actual
10/07/25 05:20, 0.011, Actual
10/07/25 05:25, 0.011, Actual
10/07/25 05:30, 0.012, Actual
10/07/25 05:35, 0.019, Actual
10/07/25 05:40, 0.215, Actual
10/07/25 05:45, 0.246, Actual
10/07/25 05:50, 0.272, Actual
10/07/25 05:55, 0.197, Actual
10/07/25 06:00, 0.188, Actual
10/07/25 06:05, 0.153, Actual
10/07/25 06:10, 0.145, Actual
10/07/25 06:15, 0.134, Actual
10/07/25 06:20, 0.149, Actual
10/07/25 06:25, 0.16, Actual
10/07/25 06:30, 0.114, Actual
10/07/25 06:35, 0.119, Actual
10/07/25 06:40, 0.125, Actual
10/07/25 06:45, 0.126, Actual
10/07/25 06:50, 0.123, Actual
10/07/25 06:55, 0.165, Actual
10/07/25 07:00, 0.093, Actual
10/07/25 07:05, 0.016, Actual
10/07/25 07:10, 0.014, Actual
10/07/25 07:15, 0.014, Actual
10/07/25 07:20, 0.014, Actual
10/07/25 07:25, 0.015, Actual
10/07/25 07:30, 0.014, Actual
10/07/25 07:35, 0.013, Actual
10/07/25 07:40, 0.021, Actual
10/07/25 07:45, 0.093, Actual
10/07/25 07:50, 0.041, Actual
10/07/25 07:55, 0.053, Actual
10/07/25 08:00, 0.095, Actual
10/07/25 08:05, 0.042, Actual
10/07/25 08:10, 0.029, Actual
10/07/25 08:15, 0.031, Actual
10/07/25 08:20, 0.03, Actual
10/07/25 08:25, 0.031, Actual
10/07/25 08:30, 0.03, Actual
10/07/25 08:35, 0.03, Actual
10/07/25 08:40, 0.036, Actual
10/07/25 08:45, 0.052, Actual
10/07/25 08:50, 0.039, Actual
10/07/25 08:55, 0.021, Actual
10/07/25 09:00, 0.058, Actual
10/07/25 09:05, 0.073, Actual
10/07/25 09:10, 0.04, Actual
10/07/25 09:15, 0.024, Actual
10/07/25 09:20, 0.022, Actual
10/07/25 09:25, 0.025, Actual
10/07/25 09:30, 0.019, Actual
10/07/25 09:35, 0.019, Actual
10/07/25 09:40, 0.188, Actual
10/07/25 09:45, 0.197, Actual
10/07/25 09:50, 0.204, Actual
10/07/25 09:55, 0.137, Actual
10/07/25 10:00, 0.024, Actual
10/07/25 10:05, 0.041, Actual
10/07/25 10:10, 0.025, Actual
10/07/25 10:15, 0.022, Actual
10/07/25 10:20, 0.026, Actual
10/07/25 10:25, 0.025, Actual
10/07/25 10:30, 0.016, Actual
10/07/25 10:35, 0.117, Actual
10/07/25 10:40, 0.241, Actual
10/07/25 10:45, 0.252, Actual
10/07/25 10:50, 0.209, Actual
10/07/25 10:55, 0.18, Actual
10/07/25 11:00, 0.158, Actual
10/07/25 11:05, 0.138, Actual
10/07/25 11:10, 0.128, Actual
10/07/25 11:15, 0.12, Actual
10/07/25 11:20, 0.108, Actual
10/07/25 11:25, 0.107, Actual
10/07/25 11:30, 0.104, Actual
10/07/25 11:35, 0.101, Actual
10/07/25 11:40, 0.108, Actual
10/07/25 11:45, 0.101, Actual
10/07/25 11:50, 0.101, Actual
10/07/25 11:55, 0.085, Actual
10/07/25 12:00, 0.056, Actual
10/07/25 12:05, 0.028, Actual
10/07/25 12:10, 0.029, Actual
10/07/25 12:15, 0.029, Actual
10/07/25 12:20, 0.028, Actual
10/07/25 12:25, 0.029, Actual
10/07/25 12:30, 0.028, Actual
10/07/25 12:35, 0.028, Actual
10/07/25 12:40, 0.082, Actual
10/07/25 12:45, 0.166, Actual
10/07/25 12:50, 0.062, Actual
10/07/25 12:55, 0.025, Actual
10/07/25 13:00, 0.025, Actual
10/07/25 13:05, 0.039, Actual
10/07/25 13:10, 0.06, Actual
10/07/25 13:15, 0.082, Actual
10/07/25 13:20, 0.024, Actual
10/07/25 13:25, 0.018, Actual
10/07/25 13:30, 0.019, Actual
10/07/25 13:35, 0.021, Actual
10/07/25 13:40, 0.021, Actual
10/07/25 13:45, 0.022, Actual
10/07/25 13:50, 0.021, Actual
10/07/25 13:55, 0.022, Actual
10/07/25 14:00, 0.022, Actual
10/07/25 14:05, 0.023, Actual
10/07/25 14:10, 0.023, Actual
10/07/25 14:15, 0.016, Actual
10/07/25 14:20, 0.023, Actual
10/07/25 14:25, 0.016, Actual
10/07/25 14:30, 0.016, Actual
10/07/25 14:35, 0.015, Actual
10/07/25 14:40, 0.015, Actual
10/07/25 14:45, 0.018, Actual
10/07/25 14:50, 0.018, Actual
10/07/25 14:55, 0.018, Actual
10/07/25 15:00, 0.024, Actual
10/07/25 15:05, 0.086, Actual
10/07/25 15:10, 0.023, Actual
10/07/25 15:15, 0.068, Actual
10/07/25 15:20, 0.125, Actual
10/07/25 15:25, 0.144, Actual
10/07/25 15:30, 0.068, Actual
10/07/25 15:35, 0.089, Actual
10/07/25 15:40, 0.067, Actual
10/07/25 15:45, 0.055, Actual
10/07/25 15:50, 0.053, Actual
10/07/25 15:55, 0.074, Actual
10/07/25 16:00, 0.094, Actual
10/07/25 16:05, 0.069, Actual
10/07/25 16:10, 0.068, Actual
10/07/25 16:15, 0.051, Actual
10/07/25 16:20, 0.071, Actual
10/07/25 16:25, 0.084, Actual
10/07/25 16:30, 0.033, Actual
10/07/25 16:35, 0.013, Actual
10/07/25 16:40, 0.018, Actual
10/07/25 16:45, 0.018, Actual
10/07/25 16:50, 0.028, Actual
10/07/25 16:55, 0.025, Actual
10/07/25 17:00, 0.036, Actual
10/07/25 17:05, 0.04, Actual
10/07/25 17:10, 0.042, Actual
10/07/25 17:15, 0.039, Actual
10/07/25 17:20, 0.087, Actual
10/07/25 17:25, 0.023, Actual
10/07/25 17:30, 0.023, Actual
10/07/25 17:35, 0.023, Actual
10/07/25 17:40, 0.026, Actual
10/07/25 17:45, 0.027, Actual
10/07/25 17:50, 0.131, Actual
10/07/25 17:55, 0.196, Actual
10/07/25 18:00, 0.132, Actual
10/07/25 18:05, 0.124, Actual
10/07/25 18:10, 0.201, Actual
10/07/25 18:15, 0.1, Actual
10/07/25 18:20, 0.33, Actual
10/07/25 18:25, 0.14, Actual
10/07/25 18:30, 0.132, Actual
10/07/25 18:35, 0.094, Actual
10/07/25 18:40, 0.018, Actual
10/07/25 18:45, 0.014, Actual
10/07/25 18:50, 0.046, Actual
10/07/25 18:55, 0.243, Actual
10/07/25 19:00, 0.237, Actual
10/07/25 19:05, 0.239, Actual
10/07/25 19:10, 0.134, Actual
10/07/25 19:15, 0.189, Actual
10/07/25 19:20, 0.158, Actual
10/07/25 19:25, 0.153, Actual
10/07/25 19:30, 0.065, Actual
10/07/25 19:35, 0.163, Actual
10/07/25 19:40, 0.061, Actual
10/07/25 19:45, 0.148, Actual
10/07/25 19:50, 0.129, Actual
10/07/25 19:55, 0.066, Actual
10/07/25 20:00, 0.143, Actual
10/07/25 20:05, 0.072, Actual
10/07/25 20:10, 0.212, Actual
10/07/25 20:15, 0.066, Actual
10/07/25 20:20, 0.161, Actual
10/07/25 20:25, 0.144, Actual
10/07/25 20:30, 0.126, Actual
10/07/25 20:35, 0.127, Actual
10/07/25 20:40, 0.022, Actual
10/07/25 20:45, 0.008, Actual
10/07/25 20:50, 0.019, Actual
10/07/25 20:55, 0.02, Actual
10/07/25 21:00, 0.026, Actual
10/07/25 21:05, 0.028, Actual
10/07/25 21:10, 0.027, Actual
10/07/25 21:15, 0.019, Actual
10/07/25 21:20, 0.019, Actual
10/07/25 21:25, 0.019, Actual
10/07/25 21:30, 0.019, Actual
10/07/25 21:35, 0.02, Actual
10/07/25 21:40, 0.02, Actual
10/07/25 21:45, 0.021, Actual
10/07/25 21:50, 0.02, Actual
10/07/25 21:55, 0.017, Actual
10/07/25 22:00, 0.018, Actual
10/07/25 22:05, 0.021, Actual
10/07/25 22:10, 0.026, Actual
10/07/25 22:15, 0.006, Actual
10/07/25 22:20, 0.007, Actual
10/07/25 22:25, 0.006, Actual
10/07/25 22:30, 0.006, Actual
10/07/25 22:35, 0.007, Actual
10/07/25 22:40, 0.006, Actual
10/07/25 22:45, 0.006, Actual
10/07/25 22:50, 0.006, Actual
10/07/25 22:55, 0.006, Actual
10/07/25 23:00, 0.014, Actual
10/07/25 23:05, 0.015, Actual
10/07/25 23:10, 0.01, Actual
10/07/25 23:15, 0.006, Actual
10/07/25 23:20, 0.006, Actual
10/07/25 23:25, 0.007, Actual
10/07/25 23:30, 0.006, Actual
10/07/25 23:35, 0.006, Actual
10/07/25 23:40, 0.007, Actual
10/07/25 23:45, 0.006, Actual
10/07/25 23:50, 0.007, Actual
10/07/25 23:55, 0.008, Actual
11/07/25 00:00, 0.016, Actual
11/07/25 00:05, 0.018, Actual
11/07/25 00:10, 0.012, Actual
11/07/25 00:15, 0.008, Actual
11/07/25 00:20, 0.017, Actual
11/07/25 00:25, 0.008, Actual
11/07/25 00:30, 0.009, Actual
11/07/25 00:35, 0.008, Actual
11/07/25 00:40, 0.009, Actual
11/07/25 00:45, 0.009, Actual
11/07/25 00:50, 0.008, Actual
11/07/25 00:55, 0.009, Actual
11/07/25 01:00, 0.016, Actual
11/07/25 01:05, 0.017, Actual
11/07/25 01:10, 0.01, Actual
11/07/25 01:15, 0.008, Actual
11/07/25 01:20, 0.009, Actual
11/07/25 01:25, 0.008, Actual
11/07/25 01:30, 0.009, Actual
11/07/25 01:35, 0.009, Actual
11/07/25 01:40, 0.008, Actual
11/07/25 01:45, 0.009, Actual
11/07/25 01:50, 0.008, Actual
11/07/25 01:55, 0.009, Actual
11/07/25 02:00, 0.016, Actual
11/07/25 02:05, 0.017, Actual
11/07/25 02:10, 0.009, Actual
11/07/25 02:15, 0.008, Actual
11/07/25 02:20, 0.009, Actual
11/07/25 02:25, 0.009, Actual
11/07/25 02:30, 0.008, Actual
11/07/25 02:35, 0.009, Actual
11/07/25 02:40, 0.008, Actual
11/07/25 02:45, 0.009, Actual
11/07/25 02:50, 0.009, Actual
11/07/25 02:55, 0.008, Actual
11/07/25 03:00, 0.017, Actual
11/07/25 03:05, 0.016, Actual
11/07/25 03:10, 0.009, Actual
11/07/25 03:15, 0.008, Actual
11/07/25 03:20, 0.009, Actual
11/07/25 03:25, 0.009, Actual
11/07/25 03:30, 0.008, Actual
11/07/25 03:35, 0.009, Actual
11/07/25 03:40, 0.008, Actual
11/07/25 03:45, 0.009, Actual
11/07/25 03:50, 0.009, Actual
11/07/25 03:55, 0.008, Actual
11/07/25 04:00, 0.017, Actual
11/07/25 04:05, 0.016, Actual
11/07/25 04:10, 0.009, Actual
11/07/25 04:15, 0.009, Actual
11/07/25 04:20, 0.008, Actual
11/07/25 04:25, 0.009, Actual
11/07/25 04:30, 0.009, Actual
11/07/25 04:35, 0.008, Actual
11/07/25 04:40, 0.009, Actual
11/07/25 04:45, 0.008, Actual
11/07/25 04:50, 0.009, Actual
11/07/25 04:55, 0.009, Actual
11/07/25 05:00, 0.016, Actual
11/07/25 05:05, 0.016, Actual
11/07/25 05:10, 0.009, Actual
11/07/25 05:15, 0.008, Actual
11/07/25 05:20, 0.016, Actual
11/07/25 05:25, 0.009, Actual
11/07/25 05:30, 0.009, Actual
11/07/25 05:35, 0.008, Actual
11/07/25 05:40, 0.009, Actual
11/07/25 05:45, 0.008, Actual
11/07/25 05:50, 0.009, Actual
11/07/25 05:55, 0.008, Actual
11/07/25 06:00, 0.016, Actual
11/07/25 06:05, 0.016, Actual
11/07/25 06:10, 0.009, Actual
11/07/25 06:15, 0.008, Actual
11/07/25 06:20, 0.009, Actual
11/07/25 06:25, 0.009, Actual
11/07/25 06:30, 0.248, Actual
11/07/25 06:35, 0.308, Actual
11/07/25 06:40, 0.264, Actual
11/07/25 06:45, 0.196, Actual
11/07/25 06:50, 0.137, Actual
11/07/25 06:55, 0.183, Actual
11/07/25 07:00, 0.107, Actual
11/07/25 07:05, 0.131, Actual
11/07/25 07:10, 0.157, Actual
11/07/25 07:15, 0.147, Actual
11/07/25 07:20, 0.192, Actual
11/07/25 07:25, 0.189, Actual
11/07/25 07:30, 0.067, Actual
11/07/25 07:35, 0.193, Actual
11/07/25 07:40, 0.237, Actual
11/07/25 07:45, 0.335, Actual
11/07/25 07:50, 0.248, Actual
11/07/25 07:55, 0.322, Actual
11/07/25 08:00, 0.111, Actual
11/07/25 08:05, 0.1, Actual
11/07/25 08:10, 0.294, Actual
11/07/25 08:15, 0.133, Actual
11/07/25 08:20, 0.202, Actual
11/07/25 08:25, 0.111, Actual
11/07/25 08:30, 0.076, Actual
11/07/25 08:35, 0.196, Actual
11/07/25 08:40, 0.344, Actual
11/07/25 08:45, 0.368, Actual
11/07/25 08:50, 0.237, Actual
11/07/25 08:55, 0.206, Actual
11/07/25 09:00, 0.301, Actual
11/07/25 09:05, 0.1, Actual
11/07/25 09:10, 0.145, Actual
11/07/25 09:15, 0.129, Actual
11/07/25 09:20, 0.072, Actual
11/07/25 09:25, 0.096, Actual
11/07/25 09:30, 0.114, Actual
11/07/25 09:35, 0.061, Actual
11/07/25 09:40, 0.121, Actual
11/07/25 09:45, 0.06, Actual
11/07/25 09:50, 0.029, Actual
11/07/25 09:55, 0.016, Actual
11/07/25 10:00, 0.024, Actual
11/07/25 10:05, 0.025, Actual
11/07/25 10:10, 0.024, Actual
11/07/25 10:15, 0.017, Actual
11/07/25 10:20, 0.016, Actual
11/07/25 10:25, 0.016, Actual
11/07/25 10:30, 0.016, Actual
11/07/25 10:35, 0.018, Actual
11/07/25 10:40, 0.028, Actual
11/07/25 10:45, 0.03, Actual
11/07/25 10:50, 0.034, Actual
11/07/25 10:55, 0.021, Actual
11/07/25 11:00, 0.029, Actual
11/07/25 11:05, 0.026, Actual
11/07/25 11:10, 0.028, Actual
11/07/25 11:15, 0.026, Actual
11/07/25 11:20, 0.022, Actual
11/07/25 11:25, 0.019, Actual
11/07/25 11:30, 0.019, Actual
11/07/25 11:35, 0.018, Actual
11/07/25 11:40, 0.018, Actual
11/07/25 11:45, 0.019, Actual
11/07/25 11:50, 0.018, Actual
11/07/25 11:55, 0.018, Actual
11/07/25 12:00, 0.027, Actual
11/07/25 12:05, 0.027, Actual
11/07/25 12:10, 0.026, Actual
11/07/25 12:15, 0.019, Actual
11/07/25 12:20, 0.028, Actual
11/07/25 12:25, 0.02, Actual
11/07/25 12:30, 0.059, Actual
11/07/25 12:35, 0.092, Actual
11/07/25 12:40, 0.179, Actual
11/07/25 12:45, 0.094, Actual
11/07/25 12:50, 0.096, Actual
11/07/25 12:55, 0.065, Actual
11/07/25 13:00, 0.044, Actual
11/07/25 13:05, 0.018, Actual
11/07/25 13:10, 0.018, Actual
11/07/25 13:15, 0.02, Actual
11/07/25 13:20, 0.021, Actual
11/07/25 13:25, 0.038, Actual
11/07/25 13:30, 0.158, Actual
11/07/25 13:35, 0.158, Actual
11/07/25 13:40, 0.082, Actual
11/07/25 13:45, 0.081, Actual
11/07/25 13:50, 0.052, Actual
11/07/25 13:55, 0.058, Actual
11/07/25 14:00, 0.076, Actual
11/07/25 14:05, 0.063, Actual
11/07/25 14:10, 0.066, Actual
11/07/25 14:15, 0.068, Actual
11/07/25 14:20, 0.065, Actual
11/07/25 14:25, 0.068, Actual
11/07/25 14:30, 0.064, Actual
11/07/25 14:35, 0.08, Actual
11/07/25 14:40, 0.563, Actual
11/07/25 14:45, 0.158, Actual
11/07/25 14:50, 0.185, Actual
11/07/25 14:55, 0.186, Actual
11/07/25 15:00, 0.121, Actual
11/07/25 15:05, 0.118, Actual
11/07/25 15:10, 0.197, Actual
11/07/25 15:15, 0.139, Actual
11/07/25 15:20, 0.086, Actual
11/07/25 15:25, 0.075, Actual
11/07/25 15:30, 0.302, Actual
11/07/25 15:35, 0.219, Actual
11/07/25 15:40, 0.204, Actual
11/07/25 15:45, 0.174, Actual
11/07/25 15:50, 0.173, Actual
11/07/25 15:55, 0.15, Actual
11/07/25 16:00, 0.201, Actual
11/07/25 16:05, 0.14, Actual
11/07/25 16:10, 0.236, Actual
11/07/25 16:15, 0.276, Actual
11/07/25 16:20, 0.213, Actual
11/07/25 16:25, 0.19, Actual
11/07/25 16:30, 0.239, Actual
11/07/25 16:35, 0.21, Actual
11/07/25 16:40, 0.187, Actual
11/07/25 16:45, 0.102, Actual
11/07/25 16:50, 0.036, Actual
11/07/25 16:55, 0.086, Actual
11/07/25 17:00, 0.078, Actual
11/07/25 17:05, 0.085, Actual
11/07/25 17:10, 0.068, Actual
11/07/25 17:15, 0.067, Actual
11/07/25 17:20, 0.061, Actual
11/07/25 17:25, 0.071, Actual
11/07/25 17:30, 0.08, Actual
11/07/25 17:35, 0.099, Actual
11/07/25 17:40, 0.114, Actual
11/07/25 17:45, 0.161, Actual
11/07/25 17:50, 0.337, Actual
11/07/25 17:55, 0.258, Actual
11/07/25 18:00, 0.174, Actual
11/07/25 18:05, 0.195, Actual
11/07/25 18:10, 0.213, Actual
11/07/25 18:15, 0.174, Actual
11/07/25 18:20, 0.232, Actual
11/07/25 18:25, 0.247, Actual
11/07/25 18:30, 0.119, Actual
11/07/25 18:35, 0.035, Actual
11/07/25 18:40, 0.123, Actual
11/07/25 18:45, 0.044, Actual
11/07/25 18:50, 0.081, Actual
11/07/25 18:55, 0.088, Actual
11/07/25 19:00, 0.046, Actual
11/07/25 19:05, 0.136, Actual
11/07/25 19:10, 0.028, Actual
11/07/25 19:15, 0.076, Actual
11/07/25 19:20, 0.201, Actual
11/07/25 19:25, 0.201, Actual
11/07/25 19:30, 0.077, Actual
11/07/25 19:35, 0.032, Actual
11/07/25 19:40, 0.122, Actual
11/07/25 19:45, 0.136, Actual
11/07/25 19:50, 0.028, Actual
11/07/25 19:55, 0.029, Actual
11/07/25 20:00, 0.053, Actual
11/07/25 20:05, 0.034, Actual
11/07/25 20:10, 0.036, Actual
11/07/25 20:15, 0.036, Actual
11/07/25 20:20, 0.033, Actual
11/07/25 20:25, 0.033, Actual
11/07/25 20:30, 0.069, Actual
11/07/25 20:35, 0.2, Actual
11/07/25 20:40, 0.247, Actual
11/07/25 20:45, 0.235, Actual
11/07/25 20:50, 0.045, Actual
11/07/25 20:55, 0.026, Actual
11/07/25 21:00, 0.026, Actual
11/07/25 21:05, 0.025, Actual
11/07/25 21:10, 0.026, Actual
11/07/25 21:15, 0.025, Actual
11/07/25 21:20, 0.022, Actual
11/07/25 21:25, 0.022, Actual
11/07/25 21:30, 0.024, Actual
11/07/25 21:35, 0.025, Actual
11/07/25 21:40, 0.032, Actual
11/07/25 21:45, 0.032, Actual
11/07/25 21:50, 0.026, Actual
11/07/25 21:55, 0.017, Actual
11/07/25 22:00, 0.015, Actual
11/07/25 22:05, 0.019, Actual
11/07/25 22:10, 0.011, Actual
11/07/25 22:15, 0.011, Actual
11/07/25 22:20, 0.011, Actual
11/07/25 22:25, 0.011, Actual
11/07/25 22:30, 0.011, Actual
11/07/25 22:35, 0.011, Actual
11/07/25 22:40, 0.02, Actual
11/07/25 22:45, 0.019, Actual
11/07/25 22:50, 0.012, Actual
11/07/25 22:55, 0.011, Actual
11/07/25 23:00, 0.011, Actual
11/07/25 23:05, 0.011, Actual
11/07/25 23:10, 0.011, Actual
11/07/25 23:15, 0.011, Actual
11/07/25 23:20, 0.011, Actual
11/07/25 23:25, 0.011, Actual
11/07/25 23:30, 0.011, Actual
11/07/25 23:35, 0.011, Actual
11/07/25 23:40, 0.02, Actual
11/07/25 23:45, 0.019, Actual
11/07/25 23:50, 0.012, Actual
11/07/25 23:55, 0.011, Actual
12/07/25 00:00, 0.011, Actual
12/07/25 00:05, 0.011, Actual
12/07/25 00:10, 0.011, Actual
12/07/25 00:15, 0.011, Actual
12/07/25 00:20, 0.01, Actual
12/07/25 00:25, 0.011, Actual
12/07/25 00:30, 0.011, Actual
12/07/25 00:35, 0.012, Actual
12/07/25 00:40, 0.02, Actual
12/07/25 00:45, 0.019, Actual
12/07/25 00:50, 0.011, Actual
12/07/25 00:55, 0.011, Actual
12/07/25 01:00, 0.011, Actual
12/07/25 01:05, 0.011, Actual
12/07/25 01:10, 0.011, Actual
12/07/25 01:15, 0.012, Actual
12/07/25 01:20, 0.019, Actual
12/07/25 01:25, 0.011, Actual
12/07/25 01:30, 0.011, Actual
12/07/25 01:35, 0.012, Actual
12/07/25 01:40, 0.02, Actual
12/07/25 01:45, 0.018, Actual
12/07/25 01:50, 0.011, Actual
12/07/25 01:55, 0.012, Actual
12/07/25 02:00, 0.011, Actual
12/07/25 02:05, 0.011, Actual
12/07/25 02:10, 0.011, Actual
12/07/25 02:15, 0.011, Actual
12/07/25 02:20, 0.011, Actual
12/07/25 02:25, 0.011, Actual
12/07/25 02:30, 0.011, Actual
12/07/25 02:35, 0.013, Actual
12/07/25 02:40, 0.019, Actual
12/07/25 02:45, 0.018, Actual
12/07/25 02:50, 0.011, Actual
12/07/25 02:55, 0.011, Actual
12/07/25 03:00, 0.011, Actual
12/07/25 03:05, 0.011, Actual
12/07/25 03:10, 0.011, Actual
12/07/25 03:15, 0.011, Actual
12/07/25 03:20, 0.012, Actual
12/07/25 03:25, 0.011, Actual
12/07/25 03:30, 0.011, Actual
12/07/25 03:35, 0.012, Actual
12/07/25 03:40, 0.02, Actual
12/07/25 03:45, 0.017, Actual
12/07/25 03:50, 0.011, Actual
12/07/25 03:55, 0.011, Actual
12/07/25 04:00, 0.011, Actual
12/07/25 04:05, 0.012, Actual
12/07/25 04:10, 0.011, Actual
12/07/25 04:15, 0.011, Actual
12/07/25 04:20, 0.011, Actual
12/07/25 04:25, 0.011, Actual
12/07/25 04:30, 0.012, Actual
12/07/25 04:35, 0.012, Actual
12/07/25 04:40, 0.02, Actual
12/07/25 04:45, 0.018, Actual
12/07/25 04:50, 0.011, Actual
12/07/25 04:55, 0.011, Actual
12/07/25 05:00, 0.012, Actual
12/07/25 05:05, 0.011, Actual
12/07/25 05:10, 0.011, Actual
12/07/25 05:15, 0.012, Actual
12/07/25 05:20, 0.011, Actual
12/07/25 05:25, 0.011, Actual
12/07/25 05:30, 0.012, Actual
12/07/25 05:35, 0.012, Actual
12/07/25 05:40, 0.02, Actual
12/07/25 05:45, 0.017, Actual
12/07/25 05:50, 0.011, Actual
12/07/25 05:55, 0.011, Actual
12/07/25 06:00, 0.011, Actual
12/07/25 06:05, 0.012, Actual
12/07/25 06:10, 0.011, Actual
12/07/25 06:15, 0.011, Actual
12/07/25 06:20, 0.011, Actual
12/07/25 06:25, 0.011, Actual
12/07/25 06:30, 0.011, Actual
12/07/25 06:35, 0.013, Actual
12/07/25 06:40, 0.02, Actual
12/07/25 06:45, 0.026, Actual
12/07/25 06:50, 0.191, Actual
12/07/25 06:55, 0.317, Actual
12/07/25 07:00, 0.29, Actual
12/07/25 07:05, 0.143, Actual
12/07/25 07:10, 0.116, Actual
12/07/25 07:15, 0.219, Actual
12/07/25 07:20, 0.161, Actual
12/07/25 07:25, 0.089, Actual
12/07/25 07:30, 0.224, Actual
12/07/25 07:35, 0.115, Actual
12/07/25 07:40, 0.208, Actual
12/07/25 07:45, 0.112, Actual
12/07/25 07:50, 0.105, Actual
12/07/25 07:55, 0.201, Actual
12/07/25 08:00, 0.163, Actual
12/07/25 08:05, 0.129, Actual
12/07/25 08:10, 0.137, Actual
12/07/25 08:15, 0.097, Actual
12/07/25 08:20, 0.151, Actual
12/07/25 08:25, 0.16, Actual
12/07/25 08:30, 0.154, Actual
12/07/25 08:35, 0.173, Actual
12/07/25 08:40, 0.131, Actual
12/07/25 08:45, 0.089, Actual
12/07/25 08:50, 0.082, Actual
12/07/25 08:55, 0.034, Actual
12/07/25 09:00, 0.03, Actual
12/07/25 09:05, 0.029, Actual
12/07/25 09:10, 0.019, Actual
12/07/25 09:15, 0.018, Actual
12/07/25 09:20, 0.017, Actual
12/07/25 09:25, 0.018, Actual
12/07/25 09:30, 0.208, Actual
12/07/25 09:35, 0.114, Actual
12/07/25 09:40, 0.273, Actual
12/07/25 09:45, 0.265, Actual
12/07/25 09:50, 0.303, Actual
12/07/25 09:55, 0.203, Actual
12/07/25 10:00, 0.226, Actual
12/07/25 10:05, 0.039, Actual
12/07/25 10:10, 0.116, Actual
12/07/25 10:15, 0.095, Actual
12/07/25 10:20, 0.097, Actual
12/07/25 10:25, 0.025, Actual
12/07/25 10:30, 0.037, Actual
12/07/25 10:35, 0.035, Actual
12/07/25 10:40, 0.046, Actual
12/07/25 10:45, 0.033, Actual
12/07/25 10:50, 0.016, Actual
12/07/25 10:55, 0.014, Actual
12/07/25 11:00, 0.015, Actual
12/07/25 11:05, 0.016, Actual
12/07/25 11:10, 0.018, Actual
12/07/25 11:15, 0.009, Actual
12/07/25 11:20, 0.008, Actual
12/07/25 11:25, 0.009, Actual
12/07/25 11:30, 0.008, Actual
12/07/25 11:35, 0.009, Actual
12/07/25 11:40, 0.016, Actual
12/07/25 11:45, 0.017, Actual
12/07/25 11:50, 0.01, Actual
12/07/25 11:55, 0.007, Actual
12/07/25 12:00, 0.008, Actual
12/07/25 12:05, 0.008, Actual
12/07/25 12:10, 0.007, Actual
12/07/25 12:15, 0.007, Actual
12/07/25 12:20, 0.007, Actual
12/07/25 12:25, 0.008, Actual
12/07/25 12:30, 0.007, Actual
12/07/25 12:35, 0.008, Actual
12/07/25 12:40, 0.016, Actual
12/07/25 12:45, 0.016, Actual
12/07/25 12:50, 0.009, Actual
12/07/25 12:55, 0.007, Actual
12/07/25 13:00, 0.007, Actual
12/07/25 13:05, 0.007, Actual
12/07/25 13:10, 0.007, Actual
12/07/25 13:15, 0.007, Actual
12/07/25 13:20, 0.007, Actual
12/07/25 13:25, 0.007, Actual
12/07/25 13:30, 0.007, Actual
12/07/25 13:35, 0.009, Actual
12/07/25 13:40, 0.015, Actual
12/07/25 13:45, 0.016, Actual
12/07/25 13:50, 0.009, Actual
12/07/25 13:55, 0.006, Actual
12/07/25 14:00, 0.006, Actual
12/07/25 14:05, 0.006, Actual
12/07/25 14:10, 0.007, Actual
12/07/25 14:15, 0.006, Actual
12/07/25 14:20, 0.02, Actual
12/07/25 14:25, 0.076, Actual
12/07/25 14:30, 0.019, Actual
12/07/25 14:35, 0.019, Actual
12/07/25 14:40, 0.026, Actual
12/07/25 14:45, 0.026, Actual
12/07/25 14:50, 0.023, Actual
12/07/25 14:55, 0.022, Actual
12/07/25 15:00, 0.022, Actual
12/07/25 15:05, 0.031, Actual
12/07/25 15:10, 0.125, Actual
12/07/25 15:15, 0.049, Actual
12/07/25 15:20, 0.077, Actual
12/07/25 15:25, 0.079, Actual
12/07/25 15:30, 0.081, Actual
12/07/25 15:35, 0.07, Actual
12/07/25 15:40, 0.077, Actual
12/07/25 15:45, 0.076, Actual
12/07/25 15:50, 0.062, Actual
12/07/25 15:55, 0.072, Actual
12/07/25 16:00, 0.073, Actual
12/07/25 16:05, 0.066, Actual
12/07/25 16:10, 0.03, Actual
12/07/25 16:15, 0.069, Actual
12/07/25 16:20, 0.083, Actual
12/07/25 16:25, 0.233, Actual
12/07/25 16:30, 0.238, Actual
12/07/25 16:35, 0.207, Actual
12/07/25 16:40, 0.245, Actual
12/07/25 16:45, 0.138, Actual
12/07/25 16:50, 0.083, Actual
12/07/25 16:55, 0.168, Actual
12/07/25 17:00, 0.081, Actual
12/07/25 17:05, 0.089, Actual
12/07/25 17:10, 0.04, Actual
12/07/25 17:15, 0.032, Actual
12/07/25 17:20, 0.033, Actual
12/07/25 17:25, 0.052, Actual
12/07/25 17:30, 0.252, Actual
12/07/25 17:35, 0.286, Actual
12/07/25 17:40, 0.159, Actual
12/07/25 17:45, 0.158, Actual
12/07/25 17:50, 0.156, Actual
12/07/25 17:55, 0.171, Actual
12/07/25 18:00, 0.168, Actual
12/07/25 18:05, 0.208, Actual
12/07/25 18:10, 0.24, Actual
12/07/25 18:15, 0.173, Actual
12/07/25 18:20, 0.185, Actual
12/07/25 18:25, 0.165, Actual
12/07/25 18:30, 0.171, Actual
12/07/25 18:35, 0.059, Actual
12/07/25 18:40, 0.069, Actual
12/07/25 18:45, 0.03, Actual
12/07/25 18:50, 0.036, Actual
12/07/25 18:55, 0.036, Actual
12/07/25 19:00, 0.029, Actual
12/07/25 19:05, 0.04, Actual
12/07/25 19:10, 0.172, Actual
12/07/25 19:15, 0.212, Actual
12/07/25 19:20, 0.057, Actual
12/07/25 19:25, 0.051, Actual
12/07/25 19:30, 0.207, Actual
12/07/25 19:35, 0.062, Actual
12/07/25 19:40, 0.038, Actual
12/07/25 19:45, 0.036, Actual
12/07/25 19:50, 0.036, Actual
12/07/25 19:55, 0.036, Actual
12/07/25 20:00, 0.038, Actual
12/07/25 20:05, 0.161, Actual
12/07/25 20:10, 0.184, Actual
12/07/25 20:15, 0.206, Actual
12/07/25 20:20, 0.209, Actual
12/07/25 20:25, 0.085, Actual
12/07/25 20:30, 0.041, Actual
12/07/25 20:35, 0.044, Actual
12/07/25 20:40, 0.054, Actual
12/07/25 20:45, 0.052, Actual
12/07/25 20:50, 0.043, Actual
12/07/25 20:55, 0.03, Actual
12/07/25 21:00, 0.028, Actual
12/07/25 21:05, 0.037, Actual
12/07/25 21:10, 0.036, Actual
12/07/25 21:15, 0.035, Actual
12/07/25 21:20, 0.035, Actual
12/07/25 21:25, 0.032, Actual
12/07/25 21:30, 0.024, Actual
12/07/25 21:35, 0.014, Actual
12/07/25 21:40, 0.023, Actual
12/07/25 21:45, 0.01, Actual
12/07/25 21:50, 0.01, Actual
12/07/25 21:55, 0.01, Actual
12/07/25 22:00, 0.01, Actual
12/07/25 22:05, 0.01, Actual
12/07/25 22:10, 0.01, Actual
12/07/25 22:15, 0.012, Actual
12/07/25 22:20, 0.018, Actual
12/07/25 22:25, 0.019, Actual
12/07/25 22:30, 0.018, Actual
12/07/25 22:35, 0.011, Actual
12/07/25 22:40, 0.011, Actual
12/07/25 22:45, 0.011, Actual
12/07/25 22:50, 0.011, Actual
12/07/25 22:55, 0.011, Actual
12/07/25 23:00, 0.011, Actual
12/07/25 23:05, 0.011, Actual
12/07/25 23:10, 0.011, Actual
12/07/25 23:15, 0.013, Actual
12/07/25 23:20, 0.02, Actual
12/07/25 23:25, 0.019, Actual
12/07/25 23:30, 0.012, Actual
12/07/25 23:35, 0.011, Actual
12/07/25 23:40, 0.011, Actual
12/07/25 23:45, 0.011, Actual
12/07/25 23:50, 0.011, Actual
12/07/25 23:55, 0.026, Actual
13/07/25 00:00, 0.013, Actual
13/07/25 00:05, 0.011, Actual
13/07/25 00:10, 0.011, Actual
13/07/25 00:15, 0.014, Actual
13/07/25 00:20, 0.019, Actual
13/07/25 00:25, 0.019, Actual
13/07/25 00:30, 0.011, Actual
13/07/25 00:35, 0.011, Actual
13/07/25 00:40, 0.012, Actual
13/07/25 00:45, 0.011, Actual
13/07/25 00:50, 0.011, Actual
13/07/25 00:55, 0.011, Actual
13/07/25 01:00, 0.011, Actual
13/07/25 01:05, 0.011, Actual
13/07/25 01:10, 0.011, Actual
13/07/25 01:15, 0.014, Actual
13/07/25 01:20, 0.02, Actual
13/07/25 01:25, 0.017, Actual
13/07/25 01:30, 0.011, Actual
13/07/25 01:35, 0.012, Actual
13/07/25 01:40, 0.011, Actual
13/07/25 01:45, 0.011, Actual
13/07/25 01:50, 0.011, Actual
13/07/25 01:55, 0.011, Actual
13/07/25 02:00, 0.011, Actual
13/07/25 02:05, 0.011, Actual
13/07/25 02:10, 0.011, Actual
13/07/25 02:15, 0.014, Actual
13/07/25 02:20, 0.02, Actual
13/07/25 02:25, 0.017, Actual
13/07/25 02:30, 0.011, Actual
13/07/25 02:35, 0.011, Actual
13/07/25 02:40, 0.011, Actual
13/07/25 02:45, 0.011, Actual
13/07/25 02:50, 0.011, Actual
13/07/25 02:55, 0.012, Actual
13/07/25 03:00, 0.011, Actual
13/07/25 03:05, 0.011, Actual
13/07/25 03:10, 0.011, Actual
13/07/25 03:15, 0.014, Actual
13/07/25 03:20, 0.019, Actual
13/07/25 03:25, 0.017, Actual
13/07/25 03:30, 0.011, Actual
13/07/25 03:35, 0.011, Actual
13/07/25 03:40, 0.011, Actual
13/07/25 03:45, 0.018, Actual
13/07/25 03:50, 0.011, Actual
13/07/25 03:55, 0.011, Actual
13/07/25 04:00, 0.011, Actual
13/07/25 04:05, 0.011, Actual
13/07/25 04:10, 0.011, Actual
13/07/25 04:15, 0.014, Actual
13/07/25 04:20, 0.02, Actual
13/07/25 04:25, 0.016, Actual
13/07/25 04:30, 0.011, Actual
13/07/25 04:35, 0.011, Actual
13/07/25 04:40, 0.011, Actual
13/07/25 04:45, 0.011, Actual
13/07/25 04:50, 0.011, Actual
13/07/25 04:55, 0.012, Actual
13/07/25 05:00, 0.011, Actual
13/07/25 05:05, 0.011, Actual
13/07/25 05:10, 0.011, Actual
13/07/25 05:15, 0.014, Actual
13/07/25 05:20, 0.02, Actual
13/07/25 05:25, 0.015, Actual
13/07/25 05:30, 0.011, Actual
13/07/25 05:35, 0.011, Actual
13/07/25 05:40, 0.011, Actual
13/07/25 05:45, 0.011, Actual
13/07/25 05:50, 0.011, Actual
13/07/25 05:55, 0.012, Actual
13/07/25 06:00, 0.011, Actual
13/07/25 06:05, 0.011, Actual
13/07/25 06:10, 0.011, Actual
13/07/25 06:15, 0.013, Actual
13/07/25 06:20, 0.02, Actual
13/07/25 06:25, 0.015, Actual
13/07/25 06:30, 0.011, Actual
13/07/25 06:35, 0.011, Actual
13/07/25 06:40, 0.011, Actual
13/07/25 06:45, 0.011, Actual
13/07/25 06:50, 0.011, Actual
13/07/25 06:55, 0.011, Actual
13/07/25 07:00, 0.011, Actual
13/07/25 07:05, 0.023, Actual
13/07/25 07:10, 0.018, Actual
13/07/25 07:15, 0.051, Actual
13/07/25 07:20, 0.04, Actual
13/07/25 07:25, 0.048, Actual
13/07/25 07:30, 0.212, Actual
13/07/25 07:35, 0.293, Actual
13/07/25 07:40, 0.224, Actual
13/07/25 07:45, 0.159, Actual
13/07/25 07:50, 0.1, Actual
13/07/25 07:55, 0.345, Actual
13/07/25 08:00, 0.374, Actual
13/07/25 08:05, 0.251, Actual
13/07/25 08:10, 0.337, Actual
13/07/25 08:15, 0.086, Actual
13/07/25 08:20, 0.11, Actual
13/07/25 08:25, 0.131, Actual
13/07/25 08:30, 0.078, Actual
13/07/25 08:35, 0.091, Actual
13/07/25 08:40, 0.095, Actual
13/07/25 08:45, 0.118, Actual
13/07/25 08:50, 0.225, Actual
13/07/25 08:55, 0.139, Actual
13/07/25 09:00, 0.075, Actual
13/07/25 09:05, 0.077, Actual
13/07/25 09:10, 0.191, Actual
13/07/25 09:15, 0.24, Actual
13/07/25 09:20, 0.129, Actual
13/07/25 09:25, 0.126, Actual
13/07/25 09:30, 0.136, Actual
13/07/25 09:35, 0.065, Actual
13/07/25 09:40, 0.107, Actual
13/07/25 09:45, 0.115, Actual
13/07/25 09:50, 0.311, Actual
13/07/25 09:55, 0.242, Actual
13/07/25 10:00, 0.099, Actual
13/07/25 10:05, 0.027, Actual
13/07/25 10:10, 0.026, Actual
13/07/25 10:15, 0.03, Actual
13/07/25 10:20, 0.034, Actual
13/07/25 10:25, 0.03, Actual
13/07/25 10:30, 0.027, Actual
13/07/25 10:35, 0.012, Actual
13/07/25 10:40, 0.011, Actual
13/07/25 10:45, 0.011, Actual
13/07/25 10:50, 0.012, Actual
13/07/25 10:55, 0.011, Actual
13/07/25 11:00, 0.012, Actual
13/07/25 11:05, 0.027, Actual
13/07/25 11:10, 0.026, Actual
13/07/25 11:15, 0.03, Actual
13/07/25 11:20, 0.035, Actual
13/07/25 11:25, 0.032, Actual
13/07/25 11:30, 0.029, Actual
13/07/25 11:35, 0.028, Actual
13/07/25 11:40, 0.027, Actual
13/07/25 11:45, 0.027, Actual
13/07/25 11:50, 0.025, Actual
13/07/25 11:55, 0.026, Actual
13/07/25 12:00, 0.026, Actual
13/07/25 12:05, 0.026, Actual
13/07/25 12:10, 0.025, Actual
13/07/25 12:15, 0.026, Actual
13/07/25 12:20, 0.034, Actual
13/07/25 12:25, 0.03, Actual
13/07/25 12:30, 0.025, Actual
13/07/25 12:35, 0.025, Actual
13/07/25 12:40, 0.025, Actual
13/07/25 12:45, 0.025, Actual
13/07/25 12:50, 0.025, Actual
13/07/25 12:55, 0.165, Actual
13/07/25 13:00, 0.118, Actual
13/07/25 13:05, 0.155, Actual
13/07/25 13:10, 0.208, Actual
13/07/25 13:15, 0.155, Actual
13/07/25 13:20, 0.105, Actual
13/07/25 13:25, 0.177, Actual
13/07/25 13:30, 0.156, Actual
13/07/25 13:35, 0.23, Actual
13/07/25 13:40, 0.104, Actual
13/07/25 13:45, 0.135, Actual
13/07/25 13:50, 0.061, Actual
13/07/25 13:55, 0.045, Actual
13/07/25 14:00, 0.052, Actual
13/07/25 14:05, 0.053, Actual
13/07/25 14:10, 0.052, Actual
13/07/25 14:15, 0.057, Actual
13/07/25 14:20, 0.068, Actual
13/07/25 14:25, 0.061, Actual
13/07/25 14:30, 0.055, Actual
13/07/25 14:35, 0.052, Actual
13/07/25 14:40, 0.053, Actual
13/07/25 14:45, 0.052, Actual
13/07/25 14:50, 0.055, Actual
13/07/25 14:55, 0.088, Actual
13/07/25 15:00, 0.057, Actual
13/07/25 15:05, 0.076, Actual
13/07/25 15:10, 0.071, Actual
13/07/25 15:15, 0.084, Actual
13/07/25 15:20, 0.076, Actual
13/07/25 15:25, 0.108, Actual
13/07/25 15:30, 0.202, Actual
13/07/25 15:35, 0.132, Actual
13/07/25 15:40, 0.154, Actual
13/07/25 15:45, 0.105, Actual
13/07/25 15:50, 0.144, Actual
13/07/25 15:55, 0.152, Actual
13/07/25 16:00, 0.129, Actual
13/07/25 16:05, 0.099, Actual
13/07/25 16:10, 0.129, Actual
13/07/25 16:15, 0.155, Actual
13/07/25 16:20, 0.111, Actual
13/07/25 16:25, 0.158, Actual
13/07/25 16:30, 0.078, Actual
13/07/25 16:35, 0.058, Actual
13/07/25 16:40, 0.059, Actual
13/07/25 16:45, 0.06, Actual
13/07/25 16:50, 0.077, Actual
13/07/25 16:55, 0.09, Actual
13/07/25 17:00, 0.101, Actual
13/07/25 17:05, 0.065, Actual
13/07/25 17:10, 0.065, Actual
13/07/25 17:15, 0.225, Actual
13/07/25 17:20, 0.238, Actual
13/07/25 17:25, 0.076, Actual
13/07/25 17:30, 0.426, Actual
13/07/25 17:35, 0.425, Actual
13/07/25 17:40, 0.404, Actual
13/07/25 17:45, 0.247, Actual
13/07/25 17:50, 0.268, Actual
13/07/25 17:55, 0.264, Actual
13/07/25 18:00, 0.275, Actual
13/07/25 18:05, 0.229, Actual
13/07/25 18:10, 0.224, Actual
13/07/25 18:15, 0.198, Actual
13/07/25 18:20, 0.152, Actual
13/07/25 18:25, 0.13, Actual
13/07/25 18:30, 0.092, Actual
13/07/25 18:35, 0.024, Actual
13/07/25 18:40, 0.02, Actual
13/07/25 18:45, 0.051, Actual
13/07/25 18:50, 0.144, Actual
13/07/25 18:55, 0.065, Actual
13/07/25 19:00, 0.026, Actual
13/07/25 19:05, 0.167, Actual
13/07/25 19:10, 0.18, Actual
13/07/25 19:15, 0.021, Actual
13/07/25 19:20, 0.134, Actual
13/07/25 19:25, 0.278, Actual
13/07/25 19:30, 0.178, Actual
13/07/25 19:35, 0.079, Actual
13/07/25 19:40, 0.085, Actual
13/07/25 19:45, 0.084, Actual
13/07/25 19:50, 0.081, Actual
13/07/25 19:55, 0.083, Actual
13/07/25 20:00, 0.083, Actual
13/07/25 20:05, 0.108, Actual
13/07/25 20:10, 0.263, Actual
13/07/25 20:15, 0.242, Actual
13/07/25 20:20, 0.253, Actual
13/07/25 20:25, 0.083, Actual
13/07/25 20:30, 0.108, Actual
13/07/25 20:35, 0.03, Actual
13/07/25 20:40, 0.1, Actual
13/07/25 20:45, 0.098, Actual
13/07/25 20:50, 0.074, Actual
13/07/25 20:55, 0.075, Actual
13/07/25 21:00, 0.075, Actual
13/07/25 21:05, 0.078, Actual
13/07/25 21:10, 0.074, Actual
13/07/25 21:15, 0.038, Actual
13/07/25 21:20, 0.016, Actual
13/07/25 21:25, 0.023, Actual
13/07/25 21:30, 0.024, Actual
13/07/25 21:35, 0.023, Actual
13/07/25 21:40, 0.024, Actual
13/07/25 21:45, 0.023, Actual
13/07/25 21:50, 0.022, Actual
13/07/25 21:55, 0.016, Actual
13/07/25 22:00, 0.019, Actual
13/07/25 22:05, 0.026, Actual
13/07/25 22:10, 0.011, Actual
13/07/25 22:15, 0.008, Actual
13/07/25 22:20, 0.007, Actual
13/07/25 22:25, 0.007, Actual
13/07/25 22:30, 0.008, Actual
13/07/25 22:35, 0.007, Actual
13/07/25 22:40, 0.008, Actual
13/07/25 22:45, 0.007, Actual
13/07/25 22:50, 0.008, Actual
13/07/25 22:55, 0.014, Actual
13/07/25 23:00, 0.019, Actual
13/07/25 23:05, 0.017, Actual
13/07/25 23:10, 0.01, Actual
13/07/25 23:15, 0.01, Actual
13/07/25 23:20, 0.009, Actual
13/07/25 23:25, 0.01, Actual
13/07/25 23:30, 0.01, Actual
13/07/25 23:35, 0.01, Actual
13/07/25 23:40, 0.01, Actual
13/07/25 23:45, 0.01, Actual
13/07/25 23:50, 0.01, Actual
13/07/25 23:55, 0.015, Actual
14/07/25 00:00, 0.02, Actual
14/07/25 00:05, 0.016, Actual
14/07/25 00:10, 0.011, Actual
14/07/25 00:15, 0.012, Actual
14/07/25 00:20, 0.011, Actual
14/07/25 00:25, 0.012, Actual
14/07/25 00:30, 0.011, Actual
14/07/25 00:35, 0.011, Actual
14/07/25 00:40, 0.012, Actual
14/07/25 00:45, 0.011, Actual
14/07/25 00:50, 0.011, Actual
14/07/25 00:55, 0.016, Actual
14/07/25 01:00, 0.02, Actual
14/07/25 01:05, 0.015, Actual
14/07/25 01:10, 0.022, Actual
14/07/25 01:15, 0.037, Actual
14/07/25 01:20, 0.029, Actual
14/07/25 01:25, 0.029, Actual
14/07/25 01:30, 0.017, Actual
14/07/25 01:35, 0.018, Actual
14/07/25 01:40, 0.018, Actual
14/07/25 01:45, 0.019, Actual
14/07/25 01:50, 0.019, Actual
14/07/25 01:55, 0.015, Actual
14/07/25 02:00, 0.012, Actual
14/07/25 02:05, 0.011, Actual
14/07/25 02:10, 0.012, Actual
14/07/25 02:15, 0.011, Actual
14/07/25 02:20, 0.012, Actual
14/07/25 02:25, 0.011, Actual
14/07/25 02:30, 0.011, Actual
14/07/25 02:35, 0.016, Actual
14/07/25 02:40, 0.02, Actual
14/07/25 02:45, 0.02, Actual
14/07/25 02:50, 0.011, Actual
14/07/25 02:55, 0.012, Actual
14/07/25 03:00, 0.011, Actual
14/07/25 03:05, 0.012, Actual
14/07/25 03:10, 0.011, Actual
14/07/25 03:15, 0.012, Actual
14/07/25 03:20, 0.011, Actual
14/07/25 03:25, 0.012, Actual
14/07/25 03:30, 0.011, Actual
14/07/25 03:35, 0.016, Actual
14/07/25 03:40, 0.02, Actual
14/07/25 03:45, 0.015, Actual
14/07/25 03:50, 0.012, Actual
14/07/25 03:55, 0.011, Actual
14/07/25 04:00, 0.012, Actual
14/07/25 04:05, 0.011, Actual
14/07/25 04:10, 0.011, Actual
14/07/25 04:15, 0.012, Actual
14/07/25 04:20, 0.012, Actual
14/07/25 04:25, 0.011, Actual
14/07/25 04:30, 0.012, Actual
14/07/25 04:35, 0.016, Actual
14/07/25 04:40, 0.026, Actual
14/07/25 04:45, 0.029, Actual
14/07/25 04:50, 0.026, Actual
14/07/25 04:55, 0.025, Actual
14/07/25 05:00, 0.026, Actual
14/07/25 05:05, 0.026, Actual
14/07/25 05:10, 0.072, Actual
14/07/25 05:15, 0.062, Actual
14/07/25 05:20, 0.034, Actual
14/07/25 05:25, 0.028, Actual
14/07/25 05:30, 0.028, Actual
14/07/25 05:35, 0.031, Actual
14/07/25 05:40, 0.036, Actual
14/07/25 05:45, 0.03, Actual
14/07/25 05:50, 0.027, Actual
14/07/25 05:55, 0.027, Actual
14/07/25 06:00, 0.027, Actual
14/07/25 06:05, 0.027, Actual
14/07/25 06:10, 0.027, Actual
14/07/25 06:15, 0.027, Actual
14/07/25 06:20, 0.024, Actual
14/07/25 06:25, 0.024, Actual
14/07/25 06:30, 0.025, Actual
14/07/25 06:35, 0.025, Actual
14/07/25 06:40, 0.03, Actual
14/07/25 06:45, 0.016, Actual
14/07/25 06:50, 0.099, Actual
14/07/25 06:55, 0.318, Actual
14/07/25 07:00, 0.28, Actual
14/07/25 07:05, 0.125, Actual
14/07/25 07:10, 0.172, Actual
14/07/25 07:15, 0.083, Actual
14/07/25 07:20, 0.132, Actual
14/07/25 07:25, 0.125, Actual
14/07/25 07:30, 0.083, Actual
14/07/25 07:35, 0.279, Actual
14/07/25 07:40, 0.084, Actual
14/07/25 07:45, 0.203, Actual
14/07/25 07:50, 0.117, Actual
14/07/25 07:55, 0.105, Actual
14/07/25 08:00, 0.145, Actual
14/07/25 08:05, 0.078, Actual
14/07/25 08:10, 0.105, Actual
14/07/25 08:15, 0.161, Actual
14/07/25 08:20, 0.166, Actual
14/07/25 08:25, 0.183, Actual
14/07/25 08:30, 0.258, Actual
14/07/25 08:35, 0.167, Actual
14/07/25 08:40, 0.169, Actual
14/07/25 08:45, 0.218, Actual
14/07/25 08:50, 0.175, Actual
14/07/25 08:55, 0.218, Actual
14/07/25 09:00, 0.096, Actual
14/07/25 09:05, 0.083, Actual
14/07/25 09:10, 0.079, Actual
14/07/25 09:15, 0.133, Actual
14/07/25 09:20, 0.059, Actual
14/07/25 09:25, 0.072, Actual
14/07/25 09:30, 0.087, Actual
14/07/25 09:35, 0.091, Actual
14/07/25 09:40, 0.031, Actual
14/07/25 09:45, 0.022, Actual
14/07/25 09:50, 0.016, Actual
14/07/25 09:55, 0.027, Actual
14/07/25 10:00, 0.017, Actual
14/07/25 10:05, 0.017, Actual
14/07/25 10:10, 0.015, Actual
14/07/25 10:15, 0.02, Actual
14/07/25 10:20, 0.02, Actual
14/07/25 10:25, 0.018, Actual
14/07/25 10:30, 0.016, Actual
14/07/25 10:35, 0.016, Actual
14/07/25 10:40, 0.02, Actual
14/07/25 10:45, 0.016, Actual
14/07/25 10:50, 0.007, Actual
14/07/25 10:55, 0.007, Actual
14/07/25 11:00, 0.008, Actual
14/07/25 11:05, 0.007, Actual
14/07/25 11:10, 0.007, Actual
14/07/25 11:15, 0.007, Actual
14/07/25 11:20, 0.007, Actual
14/07/25 11:25, 0.007, Actual
14/07/25 11:30, 0.008, Actual
14/07/25 11:35, 0.012, Actual
14/07/25 11:40, 0.016, Actual
14/07/25 11:45, 0.013, Actual
14/07/25 11:50, 0.007, Actual
14/07/25 11:55, 0.007, Actual
14/07/25 12:00, 0.008, Actual
14/07/25 12:05, 0.007, Actual
14/07/25 12:10, 0.007, Actual
14/07/25 12:15, 0.007, Actual
14/07/25 12:20, 0.007, Actual
14/07/25 12:25, 0.007, Actual
14/07/25 12:30, 0.007, Actual
14/07/25 12:35, 0.013, Actual
14/07/25 12:40, 0.016, Actual
14/07/25 12:45, 0.013, Actual
14/07/25 12:50, 0.007, Actual
14/07/25 12:55, 0.007, Actual
14/07/25 13:00, 0.007, Actual
14/07/25 13:05, 0.007, Actual
14/07/25 13:10, 0.019, Actual
14/07/25 13:15, 0.017, Actual
14/07/25 13:20, 0.035, Actual
14/07/25 13:25, 0.064, Actual
14/07/25 13:30, 0.016, Actual
14/07/25 13:35, 0.123, Actual
14/07/25 13:40, 0.187, Actual
14/07/25 13:45, 0.185, Actual
14/07/25 13:50, 0.087, Actual
14/07/25 13:55, 0.058, Actual
14/07/25 14:00, 0.112, Actual
14/07/25 14:05, 0.102, Actual
14/07/25 14:10, 0.126, Actual
14/07/25 14:15, 0.082, Actual
14/07/25 14:20, 0.079, Actual
14/07/25 14:25, 0.072, Actual
14/07/25 14:30, 0.016, Actual
14/07/25 14:35, 0.021, Actual
14/07/25 14:40, 0.025, Actual
14/07/25 14:45, 0.03, Actual
14/07/25 14:50, 0.015, Actual
14/07/25 14:55, 0.015, Actual
14/07/25 15:00, 0.033, Actual
14/07/25 15:05, 0.028, Actual
14/07/25 15:10, 0.027, Actual
14/07/25 15:15, 0.026, Actual
14/07/25 15:20, 0.027, Actual
14/07/25 15:25, 0.027, Actual
14/07/25 15:30, 0.029, Actual
14/07/25 15:35, 0.035, Actual
14/07/25 15:40, 0.057, Actual
14/07/25 15:45, 0.041, Actual
14/07/25 15:50, 0.035, Actual
14/07/25 15:55, 0.037, Actual
14/07/25 16:00, 0.037, Actual
14/07/25 16:05, 0.037, Actual
14/07/25 16:10, 0.037, Actual
14/07/25 16:15, 0.036, Actual
14/07/25 16:20, 0.033, Actual
14/07/25 16:25, 0.035, Actual
14/07/25 16:30, 0.03, Actual
14/07/25 16:35, 0.033, Actual
14/07/25 16:40, 0.092, Actual
14/07/25 16:45, 0.052, Actual
14/07/25 16:50, 0.03, Actual
14/07/25 16:55, 0.031, Actual
14/07/25 17:00, 0.036, Actual
14/07/25 17:05, 0.028, Actual
14/07/25 17:10, 0.028, Actual
14/07/25 17:15, 0.203, Actual
14/07/25 17:20, 0.087, Actual
14/07/25 17:25, 0.11, Actual
14/07/25 17:30, 0.082, Actual
14/07/25 17:35, 0.314, Actual
14/07/25 17:40, 0.165, Actual
14/07/25 17:45, 0.167, Actual
14/07/25 17:50, 0.232, Actual
14/07/25 17:55, 0.199, Actual
14/07/25 18:00, 0.222, Actual
14/07/25 18:05, 0.22, Actual
14/07/25 18:10, 0.164, Actual
14/07/25 18:15, 0.078, Actual
14/07/25 18:20, 0.111, Actual
14/07/25 18:25, 0.113, Actual
14/07/25 18:30, 0.107, Actual
14/07/25 18:35, 0.104, Actual
14/07/25 18:40, 0.113, Actual
14/07/25 18:45, 0.131, Actual
14/07/25 18:50, 0.109, Actual
14/07/25 18:55, 0.112, Actual
14/07/25 19:00, 0.109, Actual
14/07/25 19:05, 0.08, Actual
14/07/25 19:10, 0.073, Actual
14/07/25 19:15, 0.082, Actual
14/07/25 19:20, 0.085, Actual
14/07/25 19:25, 0.085, Actual
14/07/25 19:30, 0.11, Actual
14/07/25 19:35, 0.055, Actual
14/07/25 19:40, 0.272, Actual
14/07/25 19:45, 0.187, Actual
14/07/25 19:50, 0.074, Actual
14/07/25 19:55, 0.113, Actual
14/07/25 20:00, 0.233, Actual
14/07/25 20:05, 0.077, Actual
14/07/25 20:10, 0.033, Actual
14/07/25 20:15, 0.037, Actual
14/07/25 20:20, 0.038, Actual
14/07/25 20:25, 0.034, Actual
14/07/25 20:30, 0.028, Actual
14/07/25 20:35, 0.029, Actual
14/07/25 20:40, 0.167, Actual
14/07/25 20:45, 0.193, Actual
14/07/25 20:50, 0.186, Actual
14/07/25 20:55, 0.067, Actual
14/07/25 21:00, 0.021, Actual
14/07/25 21:05, 0.021, Actual
14/07/25 21:10, 0.031, Actual
14/07/25 21:15, 0.035, Actual
14/07/25 21:20, 0.038, Actual
14/07/25 21:25, 0.038, Actual
14/07/25 21:30, 0.031, Actual
14/07/25 21:35, 0.03, Actual
14/07/25 21:40, 0.029, Actual
14/07/25 21:45, 0.03, Actual
14/07/25 21:50, 0.032, Actual
14/07/25 21:55, 0.016, Actual
14/07/25 22:00, 0.014, Actual
14/07/25 22:05, 0.021, Actual
14/07/25 22:10, 0.02, Actual
14/07/25 22:15, 0.017, Actual
14/07/25 22:20, 0.019, Actual
14/07/25 22:25, 0.019, Actual
14/07/25 22:30, 0.01, Actual
14/07/25 22:35, 0.011, Actual
14/07/25 22:40, 0.011, Actual
14/07/25 22:45, 0.011, Actual
14/07/25 22:50, 0.011, Actual
14/07/25 22:55, 0.011, Actual
14/07/25 23:00, 0.011, Actual
14/07/25 23:05, 0.011, Actual
14/07/25 23:10, 0.011, Actual
14/07/25 23:15, 0.017, Actual
14/07/25 23:20, 0.019, Actual
14/07/25 23:25, 0.017, Actual
14/07/25 23:30, 0.011, Actual
14/07/25 23:35, 0.011, Actual
14/07/25 23:40, 0.011, Actual
14/07/25 23:45, 0.011, Actual
14/07/25 23:50, 0.011, Actual
14/07/25 23:55, 0.011, Actual
15/07/25 00:00, 0.011, Actual
15/07/25 00:05, 0.012, Actual
15/07/25 00:10, 0.011, Actual
15/07/25 00:15, 0.017, Actual
15/07/25 00:20, 0.019, Actual
15/07/25 00:25, 0.015, Actual
15/07/25 00:30, 0.011, Actual
15/07/25 00:35, 0.011, Actual
15/07/25 00:40, 0.011, Actual
15/07/25 00:45, 0.012, Actual
15/07/25 00:50, 0.011, Actual
15/07/25 00:55, 0.011, Actual
15/07/25 01:00, 0.011, Actual
15/07/25 01:05, 0.012, Actual
15/07/25 01:10, 0.011, Actual
15/07/25 01:15, 0.017, Actual
15/07/25 01:20, 0.019, Actual
15/07/25 01:25, 0.014, Actual
15/07/25 01:30, 0.011, Actual
15/07/25 01:35, 0.011, Actual
15/07/25 01:40, 0.012, Actual
15/07/25 01:45, 0.011, Actual
15/07/25 01:50, 0.011, Actual
15/07/25 01:55, 0.011, Actual
15/07/25 02:00, 0.011, Actual
15/07/25 02:05, 0.011, Actual
15/07/25 02:10, 0.012, Actual
15/07/25 02:15, 0.017, Actual
15/07/25 02:20, 0.019, Actual
15/07/25 02:25, 0.014, Actual
15/07/25 02:30, 0.011, Actual
15/07/25 02:35, 0.011, Actual
15/07/25 02:40, 0.011, Actual
15/07/25 02:45, 0.011, Actual
15/07/25 02:50, 0.011, Actual
15/07/25 02:55, 0.012, Actual
15/07/25 03:00, 0.011, Actual
15/07/25 03:05, 0.011, Actual
15/07/25 03:10, 0.011, Actual
15/07/25 03:15, 0.017, Actual
15/07/25 03:20, 0.02, Actual
15/07/25 03:25, 0.013, Actual
15/07/25 03:30, 0.011, Actual
15/07/25 03:35, 0.011, Actual
15/07/25 03:40, 0.011, Actual
15/07/25 03:45, 0.013, Actual
15/07/25 03:50, 0.011, Actual
15/07/25 03:55, 0.011, Actual
15/07/25 04:00, 0.011, Actual
15/07/25 04:05, 0.012, Actual
15/07/25 04:10, 0.011, Actual
15/07/25 04:15, 0.017, Actual
15/07/25 04:20, 0.02, Actual
15/07/25 04:25, 0.012, Actual
15/07/25 04:30, 0.011, Actual
15/07/25 04:35, 0.012, Actual
15/07/25 04:40, 0.012, Actual
15/07/25 04:45, 0.011, Actual
15/07/25 04:50, 0.013, Actual
15/07/25 04:55, 0.012, Actual
15/07/25 05:00, 0.023, Actual
15/07/25 05:05, 0.024, Actual
15/07/25 05:10, 0.025, Actual
15/07/25 05:15, 0.03, Actual
15/07/25 05:20, 0.032, Actual
15/07/25 05:25, 0.026, Actual
15/07/25 05:30, 0.024, Actual
15/07/25 05:35, 0.024, Actual
15/07/25 05:40, 0.024, Actual
15/07/25 05:45, 0.024, Actual
15/07/25 05:50, 0.024, Actual
15/07/25 05:55, 0.024, Actual
15/07/25 06:00, 0.024, Actual
15/07/25 06:05, 0.025, Actual
15/07/25 06:10, 0.032, Actual
15/07/25 06:15, 0.102, Actual
15/07/25 06:20, 0.255, Actual
15/07/25 06:25, 0.194, Actual
15/07/25 06:30, 0.115, Actual
15/07/25 06:35, 0.234, Actual
15/07/25 06:40, 0.099, Actual
15/07/25 06:45, 0.126, Actual
15/07/25 06:50, 0.228, Actual
15/07/25 06:55, 0.096, Actual
15/07/25 07:00, 0.184, Actual
15/07/25 07:05, 0.099, Actual
15/07/25 07:10, 0.299, Actual
15/07/25 07:15, 0.313, Actual
15/07/25 07:20, 0.284, Actual
15/07/25 07:25, 0.281, Actual
15/07/25 07:30, 0.17, Actual
15/07/25 07:35, 0.084, Actual
15/07/25 07:40, 0.117, Actual
15/07/25 07:45, 0.205, Actual
15/07/25 07:50, 0.146, Actual
15/07/25 07:55, 0.124, Actual
15/07/25 08:00, 0.185, Actual
15/07/25 08:05, 0.159, Actual
15/07/25 08:10, 0.12, Actual
15/07/25 08:15, 0.155, Actual
15/07/25 08:20, 0.179, Actual
15/07/25 08:25, 0.108, Actual
15/07/25 08:30, 0.103, Actual
15/07/25 08:35, 0.167, Actual
15/07/25 08:40, 0.096, Actual
15/07/25 08:45, 0.101, Actual
15/07/25 08:50, 0.142, Actual
15/07/25 08:55, 0.19, Actual
15/07/25 09:00, 0.171, Actual
15/07/25 09:05, 0.075, Actual
15/07/25 09:10, 0.141, Actual
15/07/25 09:15, 0.057, Actual
15/07/25 09:20, 0.073, Actual
15/07/25 09:25, 0.119, Actual
15/07/25 09:30, 0.018, Actual
15/07/25 09:35, 0.014, Actual
15/07/25 09:40, 0.014, Actual
15/07/25 09:45, 0.015, Actual
15/07/25 09:50, 0.014, Actual
15/07/25 09:55, 0.014, Actual
15/07/25 10:00, 0.014, Actual
15/07/25 10:05, 0.014, Actual
15/07/25 10:10, 0.017, Actual
15/07/25 10:15, 0.022, Actual
15/07/25 10:20, 0.023, Actual
15/07/25 10:25, 0.019, Actual
15/07/25 10:30, 0.023, Actual
15/07/25 10:35, 0.026, Actual
15/07/25 10:40, 0.026, Actual
15/07/25 10:45, 0.029, Actual
15/07/25 10:50, 0.027, Actual
15/07/25 10:55, 0.025, Actual
15/07/25 11:00, 0.021, Actual
15/07/25 11:05, 0.021, Actual
15/07/25 11:10, 0.024, Actual
15/07/25 11:15, 0.023, Actual
15/07/25 11:20, 0.024, Actual
15/07/25 11:25, 0.017, Actual
15/07/25 11:30, 0.018, Actual
15/07/25 11:35, 0.026, Actual
15/07/25 11:40, 0.019, Actual
15/07/25 11:45, 0.02, Actual
15/07/25 11:50, 0.02, Actual
15/07/25 11:55, 0.02, Actual
15/07/25 12:00, 0.025, Actual
15/07/25 12:05, 0.06, Actual
15/07/25 12:10, 0.165, Actual
15/07/25 12:15, 0.149, Actual
15/07/25 12:20, 0.121, Actual
15/07/25 12:25, 0.081, Actual
15/07/25 12:30, 0.052, Actual
15/07/25 12:35, 0.079, Actual
15/07/25 12:40, 0.05, Actual
15/07/25 12:45, 0.061, Actual
15/07/25 12:50, 0.073, Actual
15/07/25 12:55, 0.192, Actual
15/07/25 13:00, 0.15, Actual
15/07/25 13:05, 0.106, Actual
15/07/25 13:10, 0.109, Actual
15/07/25 13:15, 0.078, Actual
15/07/25 13:20, 0.065, Actual
15/07/25 13:25, 0.066, Actual
15/07/25 13:30, 0.112, Actual
15/07/25 13:35, 0.055, Actual
15/07/25 13:40, 0.064, Actual
15/07/25 13:45, 0.059, Actual
15/07/25 13:50, 0.064, Actual
15/07/25 13:55, 0.07, Actual
15/07/25 14:00, 0.102, Actual
15/07/25 14:05, 0.098, Actual
15/07/25 14:10, 0.085, Actual
15/07/25 14:15, 0.068, Actual
15/07/25 14:20, 0.086, Actual
15/07/25 14:25, 0.061, Actual
15/07/25 14:30, 0.06, Actual
15/07/25 14:35, 0.09, Actual
15/07/25 14:40, 0.086, Actual
15/07/25 14:45, 0.055, Actual
15/07/25 14:50, 0.083, Actual
15/07/25 14:55, 0.057, Actual
15/07/25 15:00, 0.077, Actual
15/07/25 15:05, 0.12, Actual
15/07/25 15:10, 0.12, Actual
15/07/25 15:15, 0.057, Actual
15/07/25 15:20, 0.061, Actual
15/07/25 15:25, 0.079, Actual
15/07/25 15:30, 0.084, Actual
15/07/25 15:35, 0.086, Actual
15/07/25 15:40, 0.041, Actual
15/07/25 15:45, 0.1, Actual
15/07/25 15:50, 0.101, Actual
15/07/25 15:55, 0.037, Actual
15/07/25 16:00, 0.092, Actual
15/07/25 16:05, 0.072, Actual
15/07/25 16:10, 0.045, Actual
15/07/25 16:15, 0.072, Actual
15/07/25 16:20, 0.084, Actual
15/07/25 16:25, 0.071, Actual
15/07/25 16:30, 0.221, Actual
15/07/25 16:35, 0.263, Actual
15/07/25 16:40, 0.143, Actual
15/07/25 16:45, 0.076, Actual
15/07/25 16:50, 0.331, Actual
15/07/25 16:55, 0.26, Actual
15/07/25 17:00, 0.21, Actual
15/07/25 17:05, 0.264, Actual
15/07/25 17:10, 0.309, Actual
15/07/25 17:15, 0.327, Actual
15/07/25 17:20, 0.27, Actual
15/07/25 17:25, 0.207, Actual
15/07/25 17:30, 0.276, Actual
15/07/25 17:35, 0.289, Actual
15/07/25 17:40, 0.234, Actual
15/07/25 17:45, 0.272, Actual
15/07/25 17:50, 0.332, Actual
15/07/25 17:55, 0.325, Actual
15/07/25 18:00, 0.299, Actual
15/07/25 18:05, 0.191, Actual
15/07/25 18:10, 0.184, Actual
15/07/25 18:15, 0.132, Actual
15/07/25 18:20, 0.032, Actual
15/07/25 18:25, 0.023, Actual
15/07/25 18:30, 0.016, Actual
15/07/25 18:35, 0.015, Actual
15/07/25 18:40, 0.018, Actual
15/07/25 18:45, 0.055, Actual
15/07/25 18:50, 0.204, Actual
15/07/25 18:55, 0.125, Actual
15/07/25 19:00, 0.189, Actual
15/07/25 19:05, 0.088, Actual
15/07/25 19:10, 0.097, Actual
15/07/25 19:15, 0.123, Actual
15/07/25 19:20, 0.034, Actual
15/07/25 19:25, 0.102, Actual
15/07/25 19:30, 0.032, Actual
15/07/25 19:35, 0.166, Actual
15/07/25 19:40, 0.213, Actual
15/07/25 19:45, 0.246, Actual
15/07/25 19:50, 0.22, Actual
15/07/25 19:55, 0.083, Actual
15/07/25 20:00, 0.085, Actual
15/07/25 20:05, 0.093, Actual
15/07/25 20:10, 0.036, Actual
15/07/25 20:15, 0.064, Actual
15/07/25 20:20, 0.032, Actual
15/07/25 20:25, 0.032, Actual
15/07/25 20:30, 0.033, Actual
15/07/25 20:35, 0.031, Actual
15/07/25 20:40, 0.033, Actual
15/07/25 20:45, 0.032, Actual
15/07/25 20:50, 0.036, Actual
15/07/25 20:55, 0.041, Actual
15/07/25 21:00, 0.037, Actual
15/07/25 21:05, 0.038, Actual
15/07/25 21:10, 0.036, Actual
15/07/25 21:15, 0.038, Actual
15/07/25 21:20, 0.026, Actual
15/07/25 21:25, 0.025, Actual
15/07/25 21:30, 0.023, Actual
15/07/25 21:35, 0.023, Actual
15/07/25 21:40, 0.023, Actual
15/07/25 21:45, 0.019, Actual
15/07/25 21:50, 0.011, Actual
15/07/25 21:55, 0.018, Actual
15/07/25 22:00, 0.029, Actual
15/07/25 22:05, 0.019, Actual
15/07/25 22:10, 0.011, Actual
15/07/25 22:15, 0.011, Actual
15/07/25 22:20, 0.012, Actual
15/07/25 22:25, 0.011, Actual
15/07/25 22:30, 0.011, Actual
15/07/25 22:35, 0.01, Actual
15/07/25 22:40, 0.01, Actual
15/07/25 22:45, 0.009, Actual
15/07/25 22:50, 0.01, Actual
15/07/25 22:55, 0.017, Actual
15/07/25 23:00, 0.019, Actual
15/07/25 23:05, 0.013, Actual
15/07/25 23:10, 0.009, Actual
15/07/25 23:15, 0.01, Actual
15/07/25 23:20, 0.01, Actual
15/07/25 23:25, 0.01, Actual
15/07/25 23:30, 0.01, Actual
15/07/25 23:35, 0.01, Actual
15/07/25 23:40, 0.011, Actual
15/07/25 23:45, 0.012, Actual
15/07/25 23:50, 0.011, Actual
15/07/25 23:55, 0.02, Actual
16/07/25 00:00, 0.02, Actual
16/07/25 00:05, 0.013, Actual
16/07/25 00:10, 0.011, Actual
16/07/25 00:15, 0.012, Actual
16/07/25 00:20, 0.012, Actual
16/07/25 00:25, 0.011, Actual
16/07/25 00:30, 0.012, Actual
16/07/25 00:35, 0.012, Actual
16/07/25 00:40, 0.012, Actual
16/07/25 00:45, 0.012, Actual
16/07/25 00:50, 0.019, Actual
16/07/25 00:55, 0.02, Actual
16/07/25 01:00, 0.02, Actual
16/07/25 01:05, 0.012, Actual
16/07/25 01:10, 0.012, Actual
16/07/25 01:15, 0.012, Actual
16/07/25 01:20, 0.011, Actual
16/07/25 01:25, 0.012, Actual
16/07/25 01:30, 0.012, Actual
16/07/25 01:35, 0.011, Actual
16/07/25 01:40, 0.012, Actual
16/07/25 01:45, 0.011, Actual
16/07/25 01:50, 0.012, Actual
16/07/25 01:55, 0.019, Actual
16/07/25 02:00, 0.019, Actual
16/07/25 02:05, 0.012, Actual
16/07/25 02:10, 0.011, Actual
16/07/25 02:15, 0.011, Actual
16/07/25 02:20, 0.012, Actual
16/07/25 02:25, 0.011, Actual
16/07/25 02:30, 0.012, Actual
16/07/25 02:35, 0.011, Actual
16/07/25 02:40, 0.011, Actual
16/07/25 02:45, 0.012, Actual
16/07/25 02:50, 0.011, Actual
16/07/25 02:55, 0.019, Actual
16/07/25 03:00, 0.02, Actual
16/07/25 03:05, 0.011, Actual
16/07/25 03:10, 0.012, Actual
16/07/25 03:15, 0.011, Actual
16/07/25 03:20, 0.012, Actual
16/07/25 03:25, 0.011, Actual
16/07/25 03:30, 0.012, Actual
16/07/25 03:35, 0.011, Actual
16/07/25 03:40, 0.012, Actual
16/07/25 03:45, 0.012, Actual
16/07/25 03:50, 0.011, Actual
16/07/25 03:55, 0.02, Actual
16/07/25 04:00, 0.02, Actual
16/07/25 04:05, 0.012, Actual
16/07/25 04:10, 0.011, Actual
16/07/25 04:15, 0.012, Actual
16/07/25 04:20, 0.012, Actual
16/07/25 04:25, 0.012, Actual
16/07/25 04:30, 0.012, Actual
16/07/25 04:35, 0.011, Actual
16/07/25 04:40, 0.012, Actual
16/07/25 04:45, 0.012, Actual
16/07/25 04:50, 0.012, Actual
16/07/25 04:55, 0.019, Actual
16/07/25 05:00, 0.02, Actual
16/07/25 05:05, 0.011, Actual
16/07/25 05:10, 0.012, Actual
16/07/25 05:15, 0.012, Actual
16/07/25 05:20, 0.011, Actual
16/07/25 05:25, 0.012, Actual
16/07/25 05:30, 0.011, Actual
16/07/25 05:35, 0.012, Actual
16/07/25 05:40, 0.011, Actual
16/07/25 05:45, 0.012, Actual
16/07/25 05:50, 0.017, Actual
16/07/25 05:55, 0.023, Actual
16/07/25 06:00, 0.02, Actual
16/07/25 06:05, 0.017, Actual
16/07/25 06:10, 0.017, Actual
16/07/25 06:15, 0.038, Actual
16/07/25 06:20, 0.159, Actual
16/07/25 06:25, 0.239, Actual
16/07/25 06:30, 0.262, Actual
16/07/25 06:35, 0.195, Actual
16/07/25 06:40, 0.145, Actual
16/07/25 06:45, 0.13, Actual
16/07/25 06:50, 0.171, Actual
16/07/25 06:55, 0.157, Actual
16/07/25 07:00, 0.146, Actual
16/07/25 07:05, 0.104, Actual
16/07/25 07:10, 0.107, Actual
16/07/25 07:15, 0.101, Actual
16/07/25 07:20, 0.101, Actual
16/07/25 07:25, 0.112, Actual
16/07/25 07:30, 0.098, Actual
16/07/25 07:35, 0.158, Actual
16/07/25 07:40, 0.107, Actual
16/07/25 07:45, 0.115, Actual
16/07/25 07:50, 0.103, Actual
16/07/25 07:55, 0.096, Actual
16/07/25 08:00, 0.094, Actual
16/07/25 08:05, 0.094, Actual
16/07/25 08:10, 0.09, Actual
16/07/25 08:15, 0.09, Actual
16/07/25 08:20, 0.089, Actual
16/07/25 08:25, 0.195, Actual
16/07/25 08:30, 0.212, Actual
16/07/25 08:35, 0.113, Actual
16/07/25 08:40, 0.095, Actual
16/07/25 08:45, 0.091, Actual
16/07/25 08:50, 0.079, Actual
16/07/25 08:55, 0.085, Actual
16/07/25 09:00, 0.056, Actual
16/07/25 09:05, 0.018, Actual
16/07/25 09:10, 0.014, Actual
16/07/25 09:15, 0.013, Actual
16/07/25 09:20, 0.012, Actual
16/07/25 09:25, 0.011, Actual
16/07/25 09:30, 0.12, Actual
16/07/25 09:35, 0.082, Actual
16/07/25 09:40, 0.06, Actual
16/07/25 09:45, 0.058, Actual
16/07/25 09:50, 0.058, Actual
16/07/25 09:55, 0.067, Actual
16/07/25 10:00, 0.064, Actual
16/07/25 10:05, 0.058, Actual
16/07/25 10:10, 0.05, Actual
16/07/25 10:15, 0.043, Actual
16/07/25 10:20, 0.031, Actual
16/07/25 10:25, 0.044, Actual
16/07/25 10:30, 0.043, Actual
16/07/25 10:35, 0.038, Actual
16/07/25 10:40, 0.015, Actual
16/07/25 10:45, 0.041, Actual
16/07/25 10:50, 0.041, Actual
16/07/25 10:55, 0.018, Actual
16/07/25 11:00, 0.063, Actual
16/07/25 11:05, 0.043, Actual
16/07/25 11:10, 0.041, Actual
16/07/25 11:15, 0.041, Actual
16/07/25 11:20, 0.04, Actual
16/07/25 11:25, 0.043, Actual
16/07/25 11:30, 0.042, Actual
16/07/25 11:35, 0.041, Actual
16/07/25 11:40, 0.042, Actual
16/07/25 11:45, 0.036, Actual
16/07/25 11:50, 0.039, Actual
16/07/25 11:55, 0.021, Actual
16/07/25 12:00, 0.044, Actual
16/07/25 12:05, 0.038, Actual
16/07/25 12:10, 0.045, Actual
16/07/25 12:15, 0.1, Actual
16/07/25 12:20, 0.17, Actual
16/07/25 12:25, 0.087, Actual
16/07/25 12:30, 0.083, Actual
16/07/25 12:35, 0.032, Actual
16/07/25 12:40, 0.165, Actual
16/07/25 12:45, 0.11, Actual
16/07/25 12:50, 0.042, Actual
16/07/25 12:55, 0.038, Actual
16/07/25 13:00, 0.034, Actual
16/07/25 13:05, 0.033, Actual
16/07/25 13:10, 0.025, Actual
16/07/25 13:15, 0.108, Actual
16/07/25 13:20, 0.054, Actual
16/07/25 13:25, 0.048, Actual
16/07/25 13:30, 0.047, Actual
16/07/25 13:35, 0.037, Actual
16/07/25 13:40, 0.196, Actual
16/07/25 13:45, 0.102, Actual
16/07/25 13:50, 0.144, Actual
16/07/25 13:55, 0.077, Actual
16/07/25 14:00, 0.101, Actual
16/07/25 14:05, 0.038, Actual
16/07/25 14:10, 0.138, Actual
16/07/25 14:15, 0.046, Actual
16/07/25 14:20, 0.085, Actual
16/07/25 14:25, 0.077, Actual
16/07/25 14:30, 0.059, Actual
16/07/25 14:35, 0.053, Actual
16/07/25 14:40, 0.038, Actual
16/07/25 14:45, 0.037, Actual
16/07/25 14:50, 0.037, Actual
16/07/25 14:55, 0.046, Actual
16/07/25 15:00, 0.046, Actual
16/07/25 15:05, 0.045, Actual
16/07/25 15:10, 0.038, Actual
16/07/25 15:15, 0.037, Actual
16/07/25 15:20, 0.043, Actual
16/07/25 15:25, 0.036, Actual
16/07/25 15:30, 0.036, Actual
16/07/25 15:35, 0.037, Actual
16/07/25 15:40, 0.037, Actual
16/07/25 15:45, 0.048, Actual
16/07/25 15:50, 0.039, Actual
16/07/25 15:55, 0.046, Actual
16/07/25 16:00, 0.051, Actual
16/07/25 16:05, 0.052, Actual
16/07/25 16:10, 0.042, Actual
16/07/25 16:15, 0.043, Actual
16/07/25 16:20, 0.044, Actual
16/07/25 16:25, 0.052, Actual
16/07/25 16:30, 0.056, Actual
16/07/25 16:35, 0.052, Actual
16/07/25 16:40, 0.053, Actual
16/07/25 16:45, 0.053, Actual
16/07/25 16:50, 0.058, Actual
16/07/25 16:55, 0.063, Actual
16/07/25 17:00, 0.061, Actual
16/07/25 17:05, 0.062, Actual
16/07/25 17:10, 0.131, Actual
16/07/25 17:15, 0.056, Actual
16/07/25 17:20, 0.339, Actual
16/07/25 17:25, 0.234, Actual
16/07/25 17:30, 0.205, Actual
16/07/25 17:35, 0.192, Actual
16/07/25 17:40, 0.275, Actual
16/07/25 17:45, 0.324, Actual
16/07/25 17:50, 0.38, Actual
16/07/25 17:55, 0.312, Actual
16/07/25 18:00, 0.213, Actual
16/07/25 18:05, 0.1, Actual
16/07/25 18:10, 0.076, Actual
16/07/25 18:15, 0.087, Actual
16/07/25 18:20, 0.083, Actual
16/07/25 18:25, 0.136, Actual
16/07/25 18:30, 0.038, Actual
16/07/25 18:35, 0.113, Actual
16/07/25 18:40, 0.088, Actual
16/07/25 18:45, 0.095, Actual
16/07/25 18:50, 0.269, Actual
16/07/25 18:55, 0.191, Actual
16/07/25 19:00, 0.028, Actual
16/07/25 19:05, 0.027, Actual
16/07/25 19:10, 0.027, Actual
16/07/25 19:15, 0.026, Actual
16/07/25 19:20, 0.036, Actual
16/07/25 19:25, 0.044, Actual
16/07/25 19:30, 0.045, Actual
16/07/25 19:35, 0.045, Actual
16/07/25 19:40, 0.194, Actual
16/07/25 19:45, 0.204, Actual
16/07/25 19:50, 0.201, Actual
16/07/25 19:55, 0.076, Actual
16/07/25 20:00, 0.035, Actual
16/07/25 20:05, 0.043, Actual
16/07/25 20:10, 0.032, Actual
16/07/25 20:15, 0.039, Actual
16/07/25 20:20, 0.032, Actual
16/07/25 20:25, 0.03, Actual
16/07/25 20:30, 0.032, Actual
16/07/25 20:35, 0.047, Actual
16/07/25 20:40, 0.041, Actual
16/07/25 20:45, 0.05, Actual
16/07/25 20:50, 0.038, Actual
16/07/25 20:55, 0.037, Actual
16/07/25 21:00, 0.032, Actual
16/07/25 21:05, 0.03, Actual
16/07/25 21:10, 0.03, Actual
16/07/25 21:15, 0.029, Actual
16/07/25 21:20, 0.029, Actual
16/07/25 21:25, 0.03, Actual
16/07/25 21:30, 0.029, Actual
16/07/25 21:35, 0.038, Actual
16/07/25 21:40, 0.038, Actual
16/07/25 21:45, 0.03, Actual
16/07/25 21:50, 0.017, Actual
16/07/25 21:55, 0.013, Actual
16/07/25 22:00, 0.019, Actual
16/07/25 22:05, 0.011, Actual
16/07/25 22:10, 0.011, Actual
16/07/25 22:15, 0.012, Actual
16/07/25 22:20, 0.011, Actual
16/07/25 22:25, 0.012, Actual
16/07/25 22:30, 0.011, Actual
16/07/25 22:35, 0.02, Actual
16/07/25 22:40, 0.02, Actual
16/07/25 22:45, 0.013, Actual
16/07/25 22:50, 0.019, Actual
16/07/25 22:55, 0.073, Actual
16/07/25 23:00, 0.022, Actual
16/07/25 23:05, 0.023, Actual
16/07/25 23:10, 0.023, Actual
16/07/25 23:15, 0.024, Actual
16/07/25 23:20, 0.022, Actual
16/07/25 23:25, 0.023, Actual
16/07/25 23:30, 0.024, Actual
16/07/25 23:35, 0.032, Actual
16/07/25 23:40, 0.031, Actual
16/07/25 23:45, 0.023, Actual
16/07/25 23:50, 0.023, Actual
16/07/25 23:55, 0.023, Actual
17/07/25 00:00, 0.023, Actual
17/07/25 00:05, 0.024, Actual
17/07/25 00:10, 0.011, Actual
17/07/25 00:15, 0.011, Actual
17/07/25 00:20, 0.011, Actual
17/07/25 00:25, 0.011, Actual
17/07/25 00:30, 0.011, Actual
17/07/25 00:35, 0.02, Actual
17/07/25 00:40, 0.019, Actual
17/07/25 00:45, 0.01, Actual
17/07/25 00:50, 0.011, Actual
17/07/25 00:55, 0.011, Actual
17/07/25 01:00, 0.011, Actual
17/07/25 01:05, 0.011, Actual
17/07/25 01:10, 0.011, Actual
17/07/25 01:15, 0.011, Actual
17/07/25 01:20, 0.01, Actual
17/07/25 01:25, 0.011, Actual
17/07/25 01:30, 0.012, Actual
17/07/25 01:35, 0.019, Actual
17/07/25 01:40, 0.018, Actual
17/07/25 01:45, 0.011, Actual
17/07/25 01:50, 0.011, Actual
17/07/25 01:55, 0.011, Actual
17/07/25 02:00, 0.011, Actual
17/07/25 02:05, 0.011, Actual
17/07/25 02:10, 0.011, Actual
17/07/25 02:15, 0.011, Actual
17/07/25 02:20, 0.011, Actual
17/07/25 02:25, 0.011, Actual
17/07/25 02:30, 0.012, Actual
17/07/25 02:35, 0.019, Actual
17/07/25 02:40, 0.018, Actual
17/07/25 02:45, 0.011, Actual
17/07/25 02:50, 0.011, Actual
17/07/25 02:55, 0.011, Actual
17/07/25 03:00, 0.011, Actual
17/07/25 03:05, 0.011, Actual
17/07/25 03:10, 0.011, Actual
17/07/25 03:15, 0.01, Actual
17/07/25 03:20, 0.011, Actual
17/07/25 03:25, 0.011, Actual
17/07/25 03:30, 0.012, Actual
17/07/25 03:35, 0.02, Actual
17/07/25 03:40, 0.017, Actual
17/07/25 03:45, 0.011, Actual
17/07/25 03:50, 0.011, Actual
17/07/25 03:55, 0.011, Actual
17/07/25 04:00, 0.011, Actual
17/07/25 04:05, 0.011, Actual
17/07/25 04:10, 0.011, Actual
17/07/25 04:15, 0.011, Actual
17/07/25 04:20, 0.011, Actual
17/07/25 04:25, 0.011, Actual
17/07/25 04:30, 0.012, Actual
17/07/25 04:35, 0.019, Actual
17/07/25 04:40, 0.017, Actual
17/07/25 04:45, 0.011, Actual
17/07/25 04:50, 0.011, Actual
17/07/25 04:55, 0.011, Actual
17/07/25 05:00, 0.011, Actual
17/07/25 05:05, 0.012, Actual
17/07/25 05:10, 0.016, Actual
17/07/25 05:15, 0.014, Actual
17/07/25 05:20, 0.011, Actual
17/07/25 05:25, 0.011, Actual
17/07/25 05:30, 0.012, Actual
17/07/25 05:35, 0.019, Actual
17/07/25 05:40, 0.017, Actual
17/07/25 05:45, 0.011, Actual
17/07/25 05:50, 0.011, Actual
17/07/25 05:55, 0.011, Actual
17/07/25 06:00, 0.01, Actual
17/07/25 06:05, 0.011, Actual
17/07/25 06:10, 0.011, Actual
17/07/25 06:15, 0.014, Actual
17/07/25 06:20, 0.016, Actual
17/07/25 06:25, 0.017, Actual
17/07/25 06:30, 0.017, Actual
17/07/25 06:35, 0.047, Actual
17/07/25 06:40, 0.048, Actual
17/07/25 06:45, 0.084, Actual
17/07/25 06:50, 0.189, Actual
17/07/25 06:55, 0.226, Actual
17/07/25 07:00, 0.175, Actual
17/07/25 07:05, 0.164, Actual
17/07/25 07:10, 0.232, Actual
17/07/25 07:15, 0.307, Actual
17/07/25 07:20, 0.284, Actual
17/07/25 07:25, 0.309, Actual
17/07/25 07:30, 0.249, Actual
17/07/25 07:35, 0.214, Actual
17/07/25 07:40, 0.13, Actual
17/07/25 07:45, 0.181, Actual
17/07/25 07:50, 0.16, Actual
17/07/25 07:55, 0.124, Actual
17/07/25 08:00, 0.227, Actual
17/07/25 08:05, 0.164, Actual
17/07/25 08:10, 0.098, Actual
17/07/25 08:15, 0.104, Actual
17/07/25 08:20, 0.09, Actual
17/07/25 08:25, 0.105, Actual
17/07/25 08:30, 0.127, Actual
17/07/25 08:35, 0.048, Actual
17/07/25 08:40, 0.07, Actual
17/07/25 08:45, 0.134, Actual
17/07/25 08:50, 0.029, Actual
17/07/25 08:55, 0.008, Actual
17/07/25 09:00, 0.008, Actual
17/07/25 09:05, 0.007, Actual
17/07/25 09:10, 0.009, Actual
17/07/25 09:15, 0.007, Actual
17/07/25 09:20, 0.009, Actual
17/07/25 09:25, 0.008, Actual
17/07/25 09:30, 0.01, Actual
17/07/25 09:35, 0.017, Actual
17/07/25 09:40, 0.017, Actual
17/07/25 09:45, 0.014, Actual
17/07/25 09:50, 0.008, Actual
17/07/25 09:55, 0.009, Actual
17/07/25 10:00, 0.008, Actual
17/07/25 10:05, 0.009, Actual
17/07/25 10:10, 0.008, Actual
17/07/25 10:15, 0.009, Actual
17/07/25 10:20, 0.008, Actual
17/07/25 10:25, 0.009, Actual
17/07/25 10:30, 0.009, Actual
17/07/25 10:35, 0.019, Actual
17/07/25 10:40, 0.021, Actual
17/07/25 10:45, 0.021, Actual
17/07/25 10:50, 0.028, Actual
17/07/25 10:55, 0.025, Actual
17/07/25 11:00, 0.027, Actual
17/07/25 11:05, 0.05, Actual
17/07/25 11:10, 0.443, Actual
17/07/25 11:15, 0.443, Actual
17/07/25 11:20, 0.265, Actual
17/07/25 11:25, 0.256, Actual
17/07/25 11:30, 0.157, Actual
17/07/25 11:35, 0.246, Actual
17/07/25 11:40, 0.154, Actual
17/07/25 11:45, 0.22, Actual
17/07/25 11:50, 0.146, Actual
17/07/25 11:55, 0.233, Actual
17/07/25 12:00, 0.121, Actual
17/07/25 12:05, 0.159, Actual
17/07/25 12:10, 0.212, Actual
17/07/25 12:15, 0.166, Actual
17/07/25 12:20, 0.143, Actual
17/07/25 12:25, 0.134, Actual
17/07/25 12:30, 0.046, Actual
17/07/25 12:35, 0.111, Actual
17/07/25 12:40, 0.092, Actual
17/07/25 12:45, 0.045, Actual
17/07/25 12:50, 0.119, Actual
17/07/25 12:55, 0.034, Actual
17/07/25 13:00, 0.103, Actual
17/07/25 13:05, 0.041, Actual
17/07/25 13:10, 0.065, Actual
17/07/25 13:15, 0.05, Actual
17/07/25 13:20, 0.062, Actual
17/07/25 13:25, 0.075, Actual
17/07/25 13:30, 0.063, Actual
17/07/25 13:35, 0.085, Actual
17/07/25 13:40, 0.059, Actual
17/07/25 13:45, 0.071, Actual
17/07/25 13:50, 0.061, Actual
17/07/25 13:55, 0.123, Actual
17/07/25 14:00, 0.063, Actual
17/07/25 14:05, 0.045, Actual
17/07/25 14:10, 0.1, Actual
17/07/25 14:15, 0.035, Actual
17/07/25 14:20, 0.037, Actual
17/07/25 14:25, 0.04, Actual
17/07/25 14:30, 0.046, Actual
17/07/25 14:35, 0.046, Actual
17/07/25 14:40, 0.043, Actual
17/07/25 14:45, 0.038, Actual
17/07/25 14:50, 0.057, Actual
17/07/25 14:55, 0.055, Actual
17/07/25 15:00, 0.052, Actual
17/07/25 15:05, 0.058, Actual
17/07/25 15:10, 0.05, Actual
17/07/25 15:15, 0.05, Actual
17/07/25 15:20, 0.031, Actual
17/07/25 15:25, 0.06, Actual
17/07/25 15:30, 0.187, Actual
17/07/25 15:35, 0.112, Actual
17/07/25 15:40, 0.097, Actual
17/07/25 15:45, 0.061, Actual
17/07/25 15:50, 0.107, Actual
17/07/25 15:55, 0.068, Actual
17/07/25 16:00, 0.103, Actual
17/07/25 16:05, 0.06, Actual
17/07/25 16:10, 0.086, Actual
17/07/25 16:15, 0.12, Actual
17/07/25 16:20, 0.037, Actual
17/07/25 16:25, 0.21, Actual
17/07/25 16:30, 0.11, Actual
17/07/25 16:35, 0.119, Actual
17/07/25 16:40, 0.062, Actual
17/07/25 16:45, 0.129, Actual
17/07/25 16:50, 0.388, Actual
17/07/25 16:55, 0.273, Actual
17/07/25 17:00, 0.2, Actual
17/07/25 17:05, 0.161, Actual
17/07/25 17:10, 0.24, Actual
17/07/25 17:15, 0.175, Actual
17/07/25 17:20, 0.233, Actual
17/07/25 17:25, 0.167, Actual
17/07/25 17:30, 0.221, Actual
17/07/25 17:35, 0.2, Actual
17/07/25 17:40, 0.32, Actual
17/07/25 17:45, 0.33, Actual
17/07/25 17:50, 0.296, Actual
17/07/25 17:55, 0.274, Actual
17/07/25 18:00, 0.215, Actual
17/07/25 18:05, 0.105, Actual
17/07/25 18:10, 0.041, Actual
17/07/25 18:15, 0.069, Actual
17/07/25 18:20, 0.069, Actual
17/07/25 18:25, 0.069, Actual
17/07/25 18:30, 0.081, Actual
17/07/25 18:35, 0.048, Actual
17/07/25 18:40, 0.157, Actual
17/07/25 18:45, 0.218, Actual
17/07/25 18:50, 0.218, Actual
17/07/25 18:55, 0.04, Actual
17/07/25 19:00, 0.06, Actual
17/07/25 19:05, 0.057, Actual
17/07/25 19:10, 0.042, Actual
17/07/25 19:15, 0.034, Actual
17/07/25 19:20, 0.045, Actual
17/07/25 19:25, 0.049, Actual
17/07/25 19:30, 0.05, Actual
17/07/25 19:35, 0.155, Actual
17/07/25 19:40, 0.209, Actual
17/07/25 19:45, 0.2, Actual
17/07/25 19:50, 0.164, Actual
17/07/25 19:55, 0.037, Actual
17/07/25 20:00, 0.039, Actual
17/07/25 20:05, 0.038, Actual
17/07/25 20:10, 0.038, Actual
17/07/25 20:15, 0.033, Actual
17/07/25 20:20, 0.03, Actual
17/07/25 20:25, 0.03, Actual
17/07/25 20:30, 0.027, Actual
17/07/25 20:35, 0.062, Actual
17/07/25 20:40, 0.029, Actual
17/07/25 20:45, 0.025, Actual
17/07/25 20:50, 0.029, Actual
17/07/25 20:55, 0.034, Actual
17/07/25 21:00, 0.034, Actual
17/07/25 21:05, 0.044, Actual
17/07/25 21:10, 0.043, Actual
17/07/25 21:15, 0.043, Actual
17/07/25 21:20, 0.037, Actual
17/07/25 21:25, 0.032, Actual
17/07/25 21:30, 0.031, Actual
17/07/25 21:35, 0.032, Actual
17/07/25 21:40, 0.031, Actual
17/07/25 21:45, 0.031, Actual
17/07/25 21:50, 0.031, Actual
17/07/25 21:55, 0.027, Actual
17/07/25 22:00, 0.019, Actual
17/07/25 22:05, 0.026, Actual
17/07/25 22:10, 0.019, Actual
17/07/25 22:15, 0.034, Actual
17/07/25 22:20, 0.023, Actual
17/07/25 22:25, 0.015, Actual
17/07/25 22:30, 0.014, Actual
17/07/25 22:35, 0.013, Actual
17/07/25 22:40, 0.012, Actual
17/07/25 22:45, 0.013, Actual
17/07/25 22:50, 0.012, Actual
17/07/25 22:55, 0.013, Actual
17/07/25 23:00, 0.012, Actual
17/07/25 23:05, 0.012, Actual
17/07/25 23:10, 0.015, Actual
17/07/25 23:15, 0.021, Actual
17/07/25 23:20, 0.02, Actual
17/07/25 23:25, 0.012, Actual
17/07/25 23:30, 0.013, Actual
17/07/25 23:35, 0.012, Actual
17/07/25 23:40, 0.012, Actual
17/07/25 23:45, 0.012, Actual
17/07/25 23:50, 0.013, Actual
17/07/25 23:55, 0.012, Actual
18/07/25 00:00, 0.012, Actual
18/07/25 00:05, 0.016, Actual
18/07/25 00:10, 0.02, Actual
18/07/25 00:15, 0.02, Actual
18/07/25 00:20, 0.018, Actual
18/07/25 00:25, 0.012, Actual
18/07/25 00:30, 0.012, Actual
18/07/25 00:35, 0.012, Actual
18/07/25 00:40, 0.013, Actual
18/07/25 00:45, 0.012, Actual
18/07/25 00:50, 0.012, Actual
18/07/25 00:55, 0.012, Actual
18/07/25 01:00, 0.013, Actual
18/07/25 01:05, 0.012, Actual
18/07/25 01:10, 0.023, Actual
18/07/25 01:15, 0.02, Actual
18/07/25 01:20, 0.018, Actual
18/07/25 01:25, 0.012, Actual
18/07/25 01:30, 0.013, Actual
18/07/25 01:35, 0.012, Actual
18/07/25 01:40, 0.013, Actual
18/07/25 01:45, 0.012, Actual
18/07/25 01:50, 0.012, Actual
18/07/25 01:55, 0.013, Actual
18/07/25 02:00, 0.012, Actual
18/07/25 02:05, 0.012, Actual
18/07/25 02:10, 0.015, Actual
18/07/25 02:15, 0.021, Actual
18/07/25 02:20, 0.017, Actual
18/07/25 02:25, 0.012, Actual
18/07/25 02:30, 0.013, Actual
18/07/25 02:35, 0.012, Actual
18/07/25 02:40, 0.013, Actual
18/07/25 02:45, 0.012, Actual
18/07/25 02:50, 0.012, Actual
18/07/25 02:55, 0.013, Actual
18/07/25 03:00, 0.012, Actual
18/07/25 03:05, 0.012, Actual
18/07/25 03:10, 0.015, Actual
18/07/25 03:15, 0.021, Actual
18/07/25 03:20, 0.017, Actual
18/07/25 03:25, 0.012, Actual
18/07/25 03:30, 0.012, Actual
18/07/25 03:35, 0.013, Actual
18/07/25 03:40, 0.012, Actual
18/07/25 03:45, 0.012, Actual
18/07/25 03:50, 0.013, Actual
18/07/25 03:55, 0.012, Actual
18/07/25 04:00, 0.012, Actual
18/07/25 04:05, 0.013, Actual
18/07/25 04:10, 0.015, Actual
18/07/25 04:15, 0.021, Actual
18/07/25 04:20, 0.017, Actual
18/07/25 04:25, 0.012, Actual
18/07/25 04:30, 0.02, Actual
18/07/25 04:35, 0.012, Actual
18/07/25 04:40, 0.012, Actual
18/07/25 04:45, 0.013, Actual
18/07/25 04:50, 0.012, Actual
18/07/25 04:55, 0.013, Actual
18/07/25 05:00, 0.012, Actual
18/07/25 05:05, 0.012, Actual
18/07/25 05:10, 0.015, Actual
18/07/25 05:15, 0.021, Actual
18/07/25 05:20, 0.017, Actual
18/07/25 05:25, 0.012, Actual
18/07/25 05:30, 0.013, Actual
18/07/25 05:35, 0.012, Actual
18/07/25 05:40, 0.013, Actual
18/07/25 05:45, 0.012, Actual
18/07/25 05:50, 0.013, Actual
18/07/25 05:55, 0.012, Actual
18/07/25 06:00, 0.012, Actual
18/07/25 06:05, 0.013, Actual
18/07/25 06:10, 0.015, Actual
18/07/25 06:15, 0.02, Actual
18/07/25 06:20, 0.017, Actual
18/07/25 06:25, 0.013, Actual
18/07/25 06:30, 0.012, Actual
18/07/25 06:35, 0.018, Actual
18/07/25 06:40, 0.225, Actual
18/07/25 06:45, 0.267, Actual
18/07/25 06:50, 0.234, Actual
18/07/25 06:55, 0.237, Actual
18/07/25 07:00, 0.222, Actual
18/07/25 07:05, 0.199, Actual
18/07/25 07:10, 0.202, Actual
18/07/25 07:15, 0.19, Actual
18/07/25 07:20, 0.209, Actual
18/07/25 07:25, 0.157, Actual
18/07/25 07:30, 0.36, Actual
18/07/25 07:35, 0.382, Actual
18/07/25 07:40, 0.368, Actual
18/07/25 07:45, 0.298, Actual
18/07/25 07:50, 0.239, Actual
18/07/25 07:55, 0.255, Actual
18/07/25 08:00, 0.201, Actual
18/07/25 08:05, 0.199, Actual
18/07/25 08:10, 0.135, Actual
18/07/25 08:15, 0.067, Actual
18/07/25 08:20, 0.362, Actual
18/07/25 08:25, 0.295, Actual
18/07/25 08:30, 0.188, Actual
18/07/25 08:35, 0.118, Actual
18/07/25 08:40, 0.141, Actual
18/07/25 08:45, 0.186, Actual
18/07/25 08:50, 0.13, Actual
18/07/25 08:55, 0.112, Actual
18/07/25 09:00, 0.176, Actual
18/07/25 09:05, 0.037, Actual
18/07/25 09:10, 0.009, Actual
18/07/25 09:15, 0.009, Actual
18/07/25 09:20, 0.008, Actual
18/07/25 09:25, 0.009, Actual
18/07/25 09:30, 0.009, Actual
18/07/25 09:35, 0.009, Actual
18/07/25 09:40, 0.085, Actual
18/07/25 09:45, 0.269, Actual
18/07/25 09:50, 0.226, Actual
18/07/25 09:55, 0.049, Actual
18/07/25 10:00, 0.178, Actual
18/07/25 10:05, 0.07, Actual
18/07/25 10:10, 0.008, Actual
18/07/25 10:15, 0.008, Actual
18/07/25 10:20, 0.008, Actual
18/07/25 10:25, 0.008, Actual
18/07/25 10:30, 0.008, Actual
18/07/25 10:35, 0.008, Actual
18/07/25 10:40, 0.008, Actual
18/07/25 10:45, 0.008, Actual
18/07/25 10:50, 0.011, Actual
18/07/25 10:55, 0.016, Actual
18/07/25 11:00, 0.014, Actual
18/07/25 11:05, 0.008, Actual
18/07/25 11:10, 0.007, Actual
18/07/25 11:15, 0.007, Actual
18/07/25 11:20, 0.008, Actual
18/07/25 11:25, 0.007, Actual
18/07/25 11:30, 0.007, Actual
18/07/25 11:35, 0.008, Actual
18/07/25 11:40, 0.01, Actual
18/07/25 11:45, 0.012, Actual
18/07/25 11:50, 0.016, Actual
18/07/25 11:55, 0.023, Actual
18/07/25 12:00, 0.028, Actual
18/07/25 12:05, 0.035, Actual
18/07/25 12:10, 0.079, Actual
18/07/25 12:15, 0.099, Actual
18/07/25 12:20, 0.127, Actual
18/07/25 12:25, 0.22, Actual
18/07/25 12:30, 0.209, Actual
18/07/25 12:35, 0.058, Actual
18/07/25 12:40, 0.225, Actual
18/07/25 12:45, 0.315, Actual
18/07/25 12:50, 0.149, Actual
18/07/25 12:55, 0.171, Actual
18/07/25 13:00, 0.079, Actual
18/07/25 13:05, 0.072, Actual
18/07/25 13:10, 0.052, Actual
18/07/25 13:15, 0.049, Actual
18/07/25 13:20, 0.049, Actual
18/07/25 13:25, 0.046, Actual
18/07/25 13:30, 0.057, Actual
18/07/25 13:35, 0.052, Actual
18/07/25 13:40, 0.065, Actual
18/07/25 13:45, 0.063, Actual
18/07/25 13:50, 0.042, Actual
18/07/25 13:55, 0.039, Actual
18/07/25 14:00, 0.04, Actual
18/07/25 14:05, 0.03, Actual
18/07/25 14:10, 0.037, Actual
18/07/25 14:15, 0.029, Actual
18/07/25 14:20, 0.029, Actual
18/07/25 14:25, 0.073, Actual
18/07/25 14:30, 0.035, Actual
18/07/25 14:35, 0.036, Actual
18/07/25 14:40, 0.036, Actual
18/07/25 14:45, 0.038, Actual
18/07/25 14:50, 0.031, Actual
18/07/25 14:55, 0.031, Actual
18/07/25 15:00, 0.03, Actual
18/07/25 15:05, 0.031, Actual
18/07/25 15:10, 0.031, Actual
18/07/25 15:15, 0.027, Actual
18/07/25 15:20, 0.028, Actual
18/07/25 15:25, 0.029, Actual
18/07/25 15:30, 0.034, Actual
18/07/25 15:35, 0.038, Actual
18/07/25 15:40, 0.049, Actual
18/07/25 15:45, 0.045, Actual
18/07/25 15:50, 0.039, Actual
18/07/25 15:55, 0.04, Actual
18/07/25 16:00, 0.04, Actual
18/07/25 16:05, 0.047, Actual
18/07/25 16:10, 0.031, Actual
18/07/25 16:15, 0.031, Actual
18/07/25 16:20, 0.031, Actual
18/07/25 16:25, 0.031, Actual
18/07/25 16:30, 0.034, Actual
18/07/25 16:35, 0.04, Actual
18/07/25 16:40, 0.039, Actual
18/07/25 16:45, 0.037, Actual
18/07/25 16:50, 0.033, Actual
18/07/25 16:55, 0.037, Actual
18/07/25 17:00, 0.037, Actual
18/07/25 17:05, 0.041, Actual
18/07/25 17:10, 0.037, Actual
18/07/25 17:15, 0.074, Actual
18/07/25 17:20, 0.314, Actual
18/07/25 17:25, 0.313, Actual
18/07/25 17:30, 0.212, Actual
18/07/25 17:35, 0.213, Actual
18/07/25 17:40, 0.168, Actual
18/07/25 17:45, 0.144, Actual
18/07/25 17:50, 0.151, Actual
18/07/25 17:55, 0.143, Actual
18/07/25 18:00, 0.165, Actual
18/07/25 18:05, 0.085, Actual
18/07/25 18:10, 0.033, Actual
18/07/25 18:15, 0.03, Actual
18/07/25 18:20, 0.028, Actual
18/07/25 18:25, 0.032, Actual
18/07/25 18:30, 0.033, Actual
18/07/25 18:35, 0.041, Actual
18/07/25 18:40, 0.031, Actual
18/07/25 18:45, 0.036, Actual
18/07/25 18:50, 0.03, Actual
18/07/25 18:55, 0.045, Actual
18/07/25 19:00, 0.21, Actual
18/07/25 19:05, 0.162, Actual
18/07/25 19:10, 0.176, Actual
18/07/25 19:15, 0.113, Actual
18/07/25 19:20, 0.356, Actual
18/07/25 19:25, 0.15, Actual
18/07/25 19:30, 0.135, Actual
18/07/25 19:35, 0.087, Actual
18/07/25 19:40, 0.038, Actual
18/07/25 19:45, 0.035, Actual
18/07/25 19:50, 0.034, Actual
18/07/25 19:55, 0.052, Actual
18/07/25 20:00, 0.118, Actual
18/07/25 20:05, 0.222, Actual
18/07/25 20:10, 0.215, Actual
18/07/25 20:15, 0.259, Actual
18/07/25 20:20, 0.153, Actual
18/07/25 20:25, 0.136, Actual
18/07/25 20:30, 0.131, Actual
18/07/25 20:35, 0.129, Actual
18/07/25 20:40, 0.127, Actual
18/07/25 20:45, 0.117, Actual
18/07/25 20:50, 0.067, Actual
18/07/25 20:55, 0.05, Actual
18/07/25 21:00, 0.025, Actual
18/07/25 21:05, 0.032, Actual
18/07/25 21:10, 0.027, Actual
18/07/25 21:15, 0.026, Actual
18/07/25 21:20, 0.029, Actual
18/07/25 21:25, 0.032, Actual
18/07/25 21:30, 0.033, Actual
18/07/25 21:35, 0.032, Actual
18/07/25 21:40, 0.025, Actual
18/07/25 21:45, 0.024, Actual
18/07/25 21:50, 0.023, Actual
18/07/25 21:55, 0.017, Actual
18/07/25 22:00, 0.014, Actual
18/07/25 22:05, 0.012, Actual
18/07/25 22:10, 0.019, Actual
18/07/25 22:15, 0.008, Actual
18/07/25 22:20, 0.009, Actual
18/07/25 22:25, 0.009, Actual
18/07/25 22:30, 0.014, Actual
18/07/25 22:35, 0.018, Actual
18/07/25 22:40, 0.018, Actual
18/07/25 22:45, 0.011, Actual
18/07/25 22:50, 0.01, Actual
18/07/25 22:55, 0.009, Actual
18/07/25 23:00, 0.01, Actual
18/07/25 23:05, 0.009, Actual
18/07/25 23:10, 0.009, Actual
18/07/25 23:15, 0.009, Actual
18/07/25 23:20, 0.01, Actual
18/07/25 23:25, 0.009, Actual
18/07/25 23:30, 0.013, Actual
18/07/25 23:35, 0.018, Actual
18/07/25 23:40, 0.016, Actual
18/07/25 23:45, 0.01, Actual
18/07/25 23:50, 0.009, Actual
18/07/25 23:55, 0.01, Actual
19/07/25 00:00, 0.009, Actual
19/07/25 00:05, 0.009, Actual
19/07/25 00:10, 0.012, Actual
19/07/25 00:15, 0.011, Actual
19/07/25 00:20, 0.012, Actual
19/07/25 00:25, 0.012, Actual
19/07/25 00:30, 0.015, Actual
19/07/25 00:35, 0.02, Actual
19/07/25 00:40, 0.018, Actual
19/07/25 00:45, 0.011, Actual
19/07/25 00:50, 0.012, Actual
19/07/25 00:55, 0.012, Actual
19/07/25 01:00, 0.012, Actual
19/07/25 01:05, 0.012, Actual
19/07/25 01:10, 0.011, Actual
19/07/25 01:15, 0.012, Actual
19/07/25 01:20, 0.012, Actual
19/07/25 01:25, 0.012, Actual
19/07/25 01:30, 0.016, Actual
19/07/25 01:35, 0.02, Actual
19/07/25 01:40, 0.017, Actual
19/07/25 01:45, 0.012, Actual
19/07/25 01:50, 0.011, Actual
19/07/25 01:55, 0.012, Actual
19/07/25 02:00, 0.012, Actual
19/07/25 02:05, 0.013, Actual
19/07/25 02:10, 0.02, Actual
19/07/25 02:15, 0.011, Actual
19/07/25 02:20, 0.012, Actual
19/07/25 02:25, 0.012, Actual
19/07/25 02:30, 0.016, Actual
19/07/25 02:35, 0.02, Actual
19/07/25 02:40, 0.015, Actual
19/07/25 02:45, 0.012, Actual
19/07/25 02:50, 0.012, Actual
19/07/25 02:55, 0.012, Actual
19/07/25 03:00, 0.012, Actual
19/07/25 03:05, 0.012, Actual
19/07/25 03:10, 0.011, Actual
19/07/25 03:15, 0.012, Actual
19/07/25 03:20, 0.012, Actual
19/07/25 03:25, 0.012, Actual
19/07/25 03:30, 0.016, Actual
19/07/25 03:35, 0.02, Actual
19/07/25 03:40, 0.015, Actual
19/07/25 03:45, 0.012, Actual
19/07/25 03:50, 0.012, Actual
19/07/25 03:55, 0.012, Actual
19/07/25 04:00, 0.012, Actual
19/07/25 04:05, 0.012, Actual
19/07/25 04:10, 0.011, Actual
19/07/25 04:15, 0.012, Actual
19/07/25 04:20, 0.012, Actual
19/07/25 04:25, 0.012, Actual
19/07/25 04:30, 0.016, Actual
19/07/25 04:35, 0.02, Actual
19/07/25 04:40, 0.015, Actual
19/07/25 04:45, 0.011, Actual
19/07/25 04:50, 0.012, Actual
19/07/25 04:55, 0.012, Actual
19/07/25 05:00, 0.011, Actual
19/07/25 05:05, 0.012, Actual
19/07/25 05:10, 0.011, Actual
19/07/25 05:15, 0.012, Actual
19/07/25 05:20, 0.012, Actual
19/07/25 05:25, 0.011, Actual
19/07/25 05:30, 0.016, Actual
19/07/25 05:35, 0.02, Actual
19/07/25 05:40, 0.014, Actual
19/07/25 05:45, 0.012, Actual
19/07/25 05:50, 0.011, Actual
19/07/25 05:55, 0.012, Actual
19/07/25 06:00, 0.013, Actual
19/07/25 06:05, 0.064, Actual
19/07/25 06:10, 0.014, Actual
19/07/25 06:15, 0.014, Actual
19/07/25 06:20, 0.178, Actual
19/07/25 06:25, 0.179, Actual
19/07/25 06:30, 0.035, Actual
19/07/25 06:35, 0.038, Actual
19/07/25 06:40, 0.035, Actual
19/07/25 06:45, 0.029, Actual
19/07/25 06:50, 0.03, Actual
19/07/25 06:55, 0.029, Actual
19/07/25 07:00, 0.231, Actual
19/07/25 07:05, 0.277, Actual
19/07/25 07:10, 0.405, Actual
19/07/25 07:15, 0.368, Actual
19/07/25 07:20, 0.308, Actual
19/07/25 07:25, 0.171, Actual
19/07/25 07:30, 0.224, Actual
19/07/25 07:35, 0.132, Actual
19/07/25 07:40, 0.141, Actual
19/07/25 07:45, 0.183, Actual
19/07/25 07:50, 0.184, Actual
19/07/25 07:55, 0.206, Actual
19/07/25 08:00, 0.137, Actual
19/07/25 08:05, 0.145, Actual
19/07/25 08:10, 0.279, Actual
19/07/25 08:15, 0.283, Actual
19/07/25 08:20, 0.288, Actual
19/07/25 08:25, 0.235, Actual
19/07/25 08:30, 0.167, Actual
19/07/25 08:35, 0.233, Actual
19/07/25 08:40, 0.231, Actual
19/07/25 08:45, 0.115, Actual
19/07/25 08:50, 0.056, Actual
19/07/25 08:55, 0.046, Actual
19/07/25 09:00, 0.037, Actual
19/07/25 09:05, 0.025, Actual
19/07/25 09:10, 0.024, Actual
19/07/25 09:15, 0.024, Actual
19/07/25 09:20, 0.122, Actual
19/07/25 09:25, 0.171, Actual
19/07/25 09:30, 0.155, Actual
19/07/25 09:35, 0.163, Actual
19/07/25 09:40, 0.152, Actual
19/07/25 09:45, 0.166, Actual
19/07/25 09:50, 0.453, Actual
19/07/25 09:55, 0.345, Actual
19/07/25 10:00, 0.227, Actual
19/07/25 10:05, 0.202, Actual
19/07/25 10:10, 0.193, Actual
19/07/25 10:15, 0.188, Actual
19/07/25 10:20, 0.216, Actual
19/07/25 10:25, 0.193, Actual
19/07/25 10:30, 0.15, Actual
19/07/25 10:35, 0.128, Actual
19/07/25 10:40, 0.129, Actual
19/07/25 10:45, 0.121, Actual
19/07/25 10:50, 0.143, Actual
19/07/25 10:55, 0.141, Actual
19/07/25 11:00, 0.135, Actual
19/07/25 11:05, 0.165, Actual
19/07/25 11:10, 0.153, Actual
19/07/25 11:15, 0.069, Actual
19/07/25 11:20, 0.048, Actual
19/07/25 11:25, 0.044, Actual
19/07/25 11:30, 0.054, Actual
19/07/25 11:35, 0.039, Actual
19/07/25 11:40, 0.021, Actual
19/07/25 11:45, 0.01, Actual
19/07/25 11:50, 0.008, Actual
19/07/25 11:55, 0.008, Actual
19/07/25 12:00, 0.008, Actual
19/07/25 12:05, 0.008, Actual
19/07/25 12:10, 0.007, Actual
19/07/25 12:15, 0.008, Actual
19/07/25 12:20, 0.008, Actual
19/07/25 12:25, 0.007, Actual
19/07/25 12:30, 0.013, Actual
19/07/25 12:35, 0.017, Actual
19/07/25 12:40, 0.017, Actual
19/07/25 12:45, 0.009, Actual
19/07/25 12:50, 0.008, Actual
19/07/25 12:55, 0.008, Actual
19/07/25 13:00, 0.009, Actual
19/07/25 13:05, 0.008, Actual
19/07/25 13:10, 0.008, Actual
19/07/25 13:15, 0.008, Actual
19/07/25 13:20, 0.008, Actual
19/07/25 13:25, 0.008, Actual
19/07/25 13:30, 0.013, Actual
19/07/25 13:35, 0.017, Actual
19/07/25 13:40, 0.016, Actual
19/07/25 13:45, 0.008, Actual
19/07/25 13:50, 0.008, Actual
19/07/25 13:55, 0.008, Actual
19/07/25 14:00, 0.008, Actual
19/07/25 14:05, 0.008, Actual
19/07/25 14:10, 0.008, Actual
19/07/25 14:15, 0.008, Actual
19/07/25 14:20, 0.008, Actual
19/07/25 14:25, 0.008, Actual
19/07/25 14:30, 0.013, Actual
19/07/25 14:35, 0.017, Actual
19/07/25 14:40, 0.016, Actual
19/07/25 14:45, 0.007, Actual
19/07/25 14:50, 0.009, Actual
19/07/25 14:55, 0.009, Actual
19/07/25 15:00, 0.01, Actual
19/07/25 15:05, 0.01, Actual
19/07/25 15:10, 0.01, Actual
19/07/25 15:15, 0.01, Actual
19/07/25 15:20, 0.011, Actual
19/07/25 15:25, 0.01, Actual
19/07/25 15:30, 0.015, Actual
19/07/25 15:35, 0.019, Actual
19/07/25 15:40, 0.017, Actual
19/07/25 15:45, 0.01, Actual
19/07/25 15:50, 0.01, Actual
19/07/25 15:55, 0.01, Actual
19/07/25 16:00, 0.01, Actual
19/07/25 16:05, 0.01, Actual
19/07/25 16:10, 0.01, Actual
19/07/25 16:15, 0.01, Actual
19/07/25 16:20, 0.01, Actual
19/07/25 16:25, 0.011, Actual
19/07/25 16:30, 0.015, Actual
19/07/25 16:35, 0.018, Actual
19/07/25 16:40, 0.016, Actual
19/07/25 16:45, 0.01, Actual
19/07/25 16:50, 0.01, Actual
19/07/25 16:55, 0.01, Actual
19/07/25 17:00, 0.01, Actual
19/07/25 17:05, 0.01, Actual
19/07/25 17:10, 0.01, Actual
19/07/25 17:15, 0.01, Actual
19/07/25 17:20, 0.01, Actual
19/07/25 17:25, 0.01, Actual
19/07/25 17:30, 0.016, Actual
19/07/25 17:35, 0.018, Actual
19/07/25 17:40, 0.015, Actual
19/07/25 17:45, 0.106, Actual
19/07/25 17:50, 0.447, Actual
19/07/25 17:55, 0.465, Actual
19/07/25 18:00, 0.331, Actual
19/07/25 18:05, 0.303, Actual
19/07/25 18:10, 0.371, Actual
19/07/25 18:15, 0.338, Actual
19/07/25 18:20, 0.312, Actual
19/07/25 18:25, 0.282, Actual
19/07/25 18:30, 0.211, Actual
19/07/25 18:35, 0.114, Actual
19/07/25 18:40, 0.107, Actual
19/07/25 18:45, 0.104, Actual
19/07/25 18:50, 0.102, Actual
19/07/25 18:55, 0.11, Actual
19/07/25 19:00, 0.111, Actual
19/07/25 19:05, 0.255, Actual
19/07/25 19:10, 0.27, Actual
19/07/25 19:15, 0.13, Actual
19/07/25 19:20, 0.136, Actual
19/07/25 19:25, 0.267, Actual
19/07/25 19:30, 0.19, Actual
19/07/25 19:35, 0.124, Actual
19/07/25 19:40, 0.121, Actual
19/07/25 19:45, 0.234, Actual
19/07/25 19:50, 0.189, Actual
19/07/25 19:55, 0.112, Actual
19/07/25 20:00, 0.103, Actual
19/07/25 20:05, 0.103, Actual
19/07/25 20:10, 0.103, Actual
19/07/25 20:15, 0.103, Actual
19/07/25 20:20, 0.113, Actual
19/07/25 20:25, 0.109, Actual
19/07/25 20:30, 0.11, Actual
19/07/25 20:35, 0.107, Actual
19/07/25 20:40, 0.102, Actual
19/07/25 20:45, 0.106, Actual
19/07/25 20:50, 0.101, Actual
19/07/25 20:55, 0.175, Actual
19/07/25 21:00, 0.261, Actual
19/07/25 21:05, 0.259, Actual
19/07/25 21:10, 0.196, Actual
19/07/25 21:15, 0.026, Actual
19/07/25 21:20, 0.024, Actual
19/07/25 21:25, 0.023, Actual
19/07/25 21:30, 0.029, Actual
19/07/25 21:35, 0.032, Actual
19/07/25 21:40, 0.032, Actual
19/07/25 21:45, 0.028, Actual
19/07/25 21:50, 0.026, Actual
19/07/25 21:55, 0.024, Actual
19/07/25 22:00, 0.028, Actual
19/07/25 22:05, 0.028, Actual
19/07/25 22:10, 0.016, Actual
19/07/25 22:15, 0.01, Actual
19/07/25 22:20, 0.008, Actual
19/07/25 22:25, 0.009, Actual
19/07/25 22:30, 0.014, Actual
19/07/25 22:35, 0.017, Actual
19/07/25 22:40, 0.017, Actual
19/07/25 22:45, 0.009, Actual
19/07/25 22:50, 0.009, Actual
19/07/25 22:55, 0.009, Actual
19/07/25 23:00, 0.01, Actual
19/07/25 23:05, 0.009, Actual
19/07/25 23:10, 0.009, Actual
19/07/25 23:15, 0.009, Actual
19/07/25 23:20, 0.01, Actual
19/07/25 23:25, 0.009, Actual
19/07/25 23:30, 0.015, Actual
19/07/25 23:35, 0.018, Actual
19/07/25 23:40, 0.016, Actual
19/07/25 23:45, 0.009, Actual
19/07/25 23:50, 0.01, Actual
19/07/25 23:55, 0.009, Actual
20/07/25 00:00, 0.01, Actual
20/07/25 00:05, 0.009, Actual
20/07/25 00:10, 0.009, Actual
20/07/25 00:15, 0.01, Actual
20/07/25 00:20, 0.009, Actual
20/07/25 00:25, 0.01, Actual
20/07/25 00:30, 0.015, Actual
20/07/25 00:35, 0.018, Actual
20/07/25 00:40, 0.014, Actual
20/07/25 00:45, 0.01, Actual
20/07/25 00:50, 0.009, Actual
20/07/25 00:55, 0.01, Actual
20/07/25 01:00, 0.009, Actual
20/07/25 01:05, 0.01, Actual
20/07/25 01:10, 0.009, Actual
20/07/25 01:15, 0.012, Actual
20/07/25 01:20, 0.012, Actual
20/07/25 01:25, 0.012, Actual
20/07/25 01:30, 0.017, Actual
20/07/25 01:35, 0.021, Actual
20/07/25 01:40, 0.015, Actual
20/07/25 01:45, 0.012, Actual
20/07/25 01:50, 0.012, Actual
20/07/25 01:55, 0.011, Actual
20/07/25 02:00, 0.013, Actual
20/07/25 02:05, 0.012, Actual
20/07/25 02:10, 0.021, Actual
20/07/25 02:15, 0.011, Actual
20/07/25 02:20, 0.012, Actual
20/07/25 02:25, 0.02, Actual
20/07/25 02:30, 0.017, Actual
20/07/25 02:35, 0.021, Actual
20/07/25 02:40, 0.014, Actual
20/07/25 02:45, 0.012, Actual
20/07/25 02:50, 0.011, Actual
20/07/25 02:55, 0.012, Actual
20/07/25 03:00, 0.012, Actual
20/07/25 03:05, 0.012, Actual
20/07/25 03:10, 0.011, Actual
20/07/25 03:15, 0.012, Actual
20/07/25 03:20, 0.012, Actual
20/07/25 03:25, 0.011, Actual
20/07/25 03:30, 0.018, Actual
20/07/25 03:35, 0.02, Actual
20/07/25 03:40, 0.014, Actual
20/07/25 03:45, 0.011, Actual
20/07/25 03:50, 0.012, Actual
20/07/25 03:55, 0.012, Actual
20/07/25 04:00, 0.012, Actual
20/07/25 04:05, 0.011, Actual
20/07/25 04:10, 0.012, Actual
20/07/25 04:15, 0.012, Actual
20/07/25 04:20, 0.012, Actual
20/07/25 04:25, 0.011, Actual
20/07/25 04:30, 0.018, Actual
20/07/25 04:35, 0.02, Actual
20/07/25 04:40, 0.013, Actual
20/07/25 04:45, 0.012, Actual
20/07/25 04:50, 0.012, Actual
20/07/25 04:55, 0.012, Actual
20/07/25 05:00, 0.012, Actual
20/07/25 05:05, 0.012, Actual
20/07/25 05:10, 0.012, Actual
20/07/25 05:15, 0.012, Actual
20/07/25 05:20, 0.012, Actual
20/07/25 05:25, 0.012, Actual
20/07/25 05:30, 0.018, Actual
20/07/25 05:35, 0.02, Actual
20/07/25 05:40, 0.014, Actual
20/07/25 05:45, 0.012, Actual
20/07/25 05:50, 0.012, Actual
20/07/25 05:55, 0.012, Actual
20/07/25 06:00, 0.012, Actual
20/07/25 06:05, 0.012, Actual
20/07/25 06:10, 0.012, Actual
20/07/25 06:15, 0.012, Actual
20/07/25 06:20, 0.012, Actual
20/07/25 06:25, 0.013, Actual
20/07/25 06:30, 0.019, Actual
20/07/25 06:35, 0.031, Actual
20/07/25 06:40, 0.029, Actual
20/07/25 06:45, 0.046, Actual
20/07/25 06:50, 0.032, Actual
20/07/25 06:55, 0.089, Actual
20/07/25 07:00, 0.289, Actual
20/07/25 07:05, 0.249, Actual
20/07/25 07:10, 0.217, Actual
20/07/25 07:15, 0.194, Actual
20/07/25 07:20, 0.168, Actual
20/07/25 07:25, 0.134, Actual
20/07/25 07:30, 0.165, Actual
20/07/25 07:35, 0.293, Actual
20/07/25 07:40, 0.266, Actual
20/07/25 07:45, 0.119, Actual
20/07/25 07:50, 0.117, Actual
20/07/25 07:55, 0.119, Actual
20/07/25 08:00, 0.133, Actual
20/07/25 08:05, 0.203, Actual
20/07/25 08:10, 0.226, Actual
20/07/25 08:15, 0.181, Actual
20/07/25 08:20, 0.185, Actual
20/07/25 08:25, 0.184, Actual
20/07/25 08:30, 0.193, Actual
20/07/25 08:35, 0.194, Actual
20/07/25 08:40, 0.191, Actual
20/07/25 08:45, 0.138, Actual
20/07/25 08:50, 0.175, Actual
20/07/25 08:55, 0.187, Actual
20/07/25 09:00, 0.108, Actual
20/07/25 09:05, 0.111, Actual
20/07/25 09:10, 0.102, Actual
20/07/25 09:15, 0.094, Actual
20/07/25 09:20, 0.101, Actual
20/07/25 09:25, 0.1, Actual
20/07/25 09:30, 0.099, Actual
20/07/25 09:35, 0.051, Actual
20/07/25 09:40, 0.046, Actual
20/07/25 09:45, 0.054, Actual
20/07/25 09:50, 0.021, Actual
20/07/25 09:55, 0.01, Actual
20/07/25 10:00, 0.011, Actual
20/07/25 10:05, 0.011, Actual
20/07/25 10:10, 0.011, Actual
20/07/25 10:15, 0.011, Actual
20/07/25 10:20, 0.011, Actual
20/07/25 10:25, 0.011, Actual
20/07/25 10:30, 0.017, Actual
20/07/25 10:35, 0.02, Actual
20/07/25 10:40, 0.02, Actual
20/07/25 10:45, 0.015, Actual
20/07/25 10:50, 0.011, Actual
20/07/25 10:55, 0.011, Actual
20/07/25 11:00, 0.012, Actual
20/07/25 11:05, 0.011, Actual
20/07/25 11:10, 0.011, Actual
20/07/25 11:15, 0.012, Actual
20/07/25 11:20, 0.022, Actual
20/07/25 11:25, 0.026, Actual
20/07/25 11:30, 0.033, Actual
20/07/25 11:35, 0.033, Actual
20/07/25 11:40, 0.032, Actual
20/07/25 11:45, 0.031, Actual
20/07/25 11:50, 0.026, Actual
20/07/25 11:55, 0.178, Actual
20/07/25 12:00, 0.214, Actual
20/07/25 12:05, 0.114, Actual
20/07/25 12:10, 0.09, Actual
20/07/25 12:15, 0.251, Actual
20/07/25 12:20, 0.245, Actual
20/07/25 12:25, 0.074, Actual
20/07/25 12:30, 0.153, Actual
20/07/25 12:35, 0.063, Actual
20/07/25 12:40, 0.036, Actual
20/07/25 12:45, 0.085, Actual
20/07/25 12:50, 0.036, Actual
20/07/25 12:55, 0.036, Actual
20/07/25 13:00, 0.037, Actual
20/07/25 13:05, 0.028, Actual
20/07/25 13:10, 0.041, Actual
20/07/25 13:15, 0.054, Actual
20/07/25 13:20, 0.038, Actual
20/07/25 13:25, 0.036, Actual
20/07/25 13:30, 0.044, Actual
20/07/25 13:35, 0.044, Actual
20/07/25 13:40, 0.043, Actual
20/07/25 13:45, 0.036, Actual
20/07/25 13:50, 0.036, Actual
20/07/25 13:55, 0.175, Actual
20/07/25 14:00, 0.163, Actual
20/07/25 14:05, 0.256, Actual
20/07/25 14:10, 0.081, Actual
20/07/25 14:15, 0.105, Actual
20/07/25 14:20, 0.117, Actual
20/07/25 14:25, 0.113, Actual
20/07/25 14:30, 0.1, Actual
20/07/25 14:35, 0.095, Actual
20/07/25 14:40, 0.064, Actual
20/07/25 14:45, 0.067, Actual
20/07/25 14:50, 0.071, Actual
20/07/25 14:55, 0.066, Actual
20/07/25 15:00, 0.069, Actual
20/07/25 15:05, 0.07, Actual
20/07/25 15:10, 0.07, Actual
20/07/25 15:15, 0.069, Actual
20/07/25 15:20, 0.059, Actual
20/07/25 15:25, 0.055, Actual
20/07/25 15:30, 0.078, Actual
20/07/25 15:35, 0.09, Actual
20/07/25 15:40, 0.043, Actual
20/07/25 15:45, 0.048, Actual
20/07/25 15:50, 0.096, Actual
20/07/25 15:55, 0.087, Actual
20/07/25 16:00, 0.063, Actual
20/07/25 16:05, 0.063, Actual
20/07/25 16:10, 0.051, Actual
20/07/25 16:15, 0.042, Actual
20/07/25 16:20, 0.063, Actual
20/07/25 16:25, 0.063, Actual
20/07/25 16:30, 0.071, Actual
20/07/25 16:35, 0.075, Actual
20/07/25 16:40, 0.076, Actual
20/07/25 16:45, 0.06, Actual
20/07/25 16:50, 0.076, Actual
20/07/25 16:55, 0.077, Actual
20/07/25 17:00, 0.077, Actual
20/07/25 17:05, 0.187, Actual
20/07/25 17:10, 0.413, Actual
20/07/25 17:15, 0.2, Actual
20/07/25 17:20, 0.193, Actual
20/07/25 17:25, 0.243, Actual
20/07/25 17:30, 0.341, Actual
20/07/25 17:35, 0.338, Actual
20/07/25 17:40, 0.325, Actual
20/07/25 17:45, 0.326, Actual
20/07/25 17:50, 0.356, Actual
20/07/25 17:55, 0.314, Actual
20/07/25 18:00, 0.224, Actual
20/07/25 18:05, 0.069, Actual
20/07/25 18:10, 0.109, Actual
20/07/25 18:15, 0.056, Actual
20/07/25 18:20, 0.086, Actual
20/07/25 18:25, 0.087, Actual
20/07/25 18:30, 0.133, Actual
20/07/25 18:35, 0.29, Actual
20/07/25 18:40, 0.118, Actual
20/07/25 18:45, 0.139, Actual
20/07/25 18:50, 0.152, Actual
20/07/25 18:55, 0.178, Actual
20/07/25 19:00, 0.073, Actual
20/07/25 19:05, 0.094, Actual
20/07/25 19:10, 0.097, Actual
20/07/25 19:15, 0.069, Actual
20/07/25 19:20, 0.106, Actual
20/07/25 19:25, 0.058, Actual
20/07/25 19:30, 0.122, Actual
20/07/25 19:35, 0.053, Actual
20/07/25 19:40, 0.136, Actual
20/07/25 19:45, 0.048, Actual
20/07/25 19:50, 0.117, Actual
20/07/25 19:55, 0.036, Actual
20/07/25 20:00, 0.24, Actual
20/07/25 20:05, 0.208, Actual
20/07/25 20:10, 0.187, Actual
20/07/25 20:15, 0.075, Actual
20/07/25 20:20, 0.028, Actual
20/07/25 20:25, 0.028, Actual
20/07/25 20:30, 0.032, Actual
20/07/25 20:35, 0.031, Actual
20/07/25 20:40, 0.029, Actual
20/07/25 20:45, 0.022, Actual
20/07/25 20:50, 0.022, Actual
20/07/25 20:55, 0.022, Actual
20/07/25 21:00, 0.021, Actual
20/07/25 21:05, 0.022, Actual
20/07/25 21:10, 0.022, Actual
20/07/25 21:15, 0.021, Actual
20/07/25 21:20, 0.021, Actual
20/07/25 21:25, 0.021, Actual
20/07/25 21:30, 0.029, Actual
20/07/25 21:35, 0.023, Actual
20/07/25 21:40, 0.018, Actual
20/07/25 21:45, 0.012, Actual
20/07/25 21:50, 0.014, Actual
20/07/25 21:55, 0.017, Actual
20/07/25 22:00, 0.01, Actual
20/07/25 22:05, 0.01, Actual
20/07/25 22:10, 0.01, Actual
20/07/25 22:15, 0.01, Actual
20/07/25 22:20, 0.01, Actual
20/07/25 22:25, 0.011, Actual
20/07/25 22:30, 0.017, Actual
20/07/25 22:35, 0.019, Actual
20/07/25 22:40, 0.014, Actual
20/07/25 22:45, 0.012, Actual
20/07/25 22:50, 0.012, Actual
20/07/25 22:55, 0.012, Actual
20/07/25 23:00, 0.012, Actual
20/07/25 23:05, 0.012, Actual
20/07/25 23:10, 0.012, Actual
20/07/25 23:15, 0.012, Actual
20/07/25 23:20, 0.012, Actual
20/07/25 23:25, 0.012, Actual
20/07/25 23:30, 0.019, Actual
20/07/25 23:35, 0.021, Actual
20/07/25 23:40, 0.015, Actual
20/07/25 23:45, 0.012, Actual
20/07/25 23:50, 0.012, Actual
20/07/25 23:55, 0.012, Actual
21/07/25 00:00, 0.012, Actual
21/07/25 00:05, 0.012, Actual
21/07/25 00:10, 0.012, Actual
21/07/25 00:15, 0.011, Actual
21/07/25 00:20, 0.012, Actual
21/07/25 00:25, 0.012, Actual
21/07/25 00:30, 0.02, Actual
21/07/25 00:35, 0.02, Actual
21/07/25 00:40, 0.014, Actual
21/07/25 00:45, 0.012, Actual
21/07/25 00:50, 0.013, Actual
21/07/25 00:55, 0.017, Actual
21/07/25 01:00, 0.013, Actual
21/07/25 01:05, 0.013, Actual
21/07/25 01:10, 0.013, Actual
21/07/25 01:15, 0.012, Actual
21/07/25 01:20, 0.013, Actual
21/07/25 01:25, 0.013, Actual
21/07/25 01:30, 0.02, Actual
21/07/25 01:35, 0.021, Actual
21/07/25 01:40, 0.013, Actual
21/07/25 01:45, 0.013, Actual
21/07/25 01:50, 0.013, Actual
21/07/25 01:55, 0.015, Actual
21/07/25 02:00, 0.017, Actual
21/07/25 02:05, 0.012, Actual
21/07/25 02:10, 0.012, Actual
21/07/25 02:15, 0.012, Actual
21/07/25 02:20, 0.012, Actual
21/07/25 02:25, 0.012, Actual
21/07/25 02:30, 0.02, Actual
21/07/25 02:35, 0.02, Actual
21/07/25 02:40, 0.012, Actual
21/07/25 02:45, 0.012, Actual
21/07/25 02:50, 0.012, Actual
21/07/25 02:55, 0.012, Actual
21/07/25 03:00, 0.013, Actual
21/07/25 03:05, 0.012, Actual
21/07/25 03:10, 0.012, Actual
21/07/25 03:15, 0.013, Actual
21/07/25 03:20, 0.012, Actual
21/07/25 03:25, 0.012, Actual
21/07/25 03:30, 0.02, Actual
21/07/25 03:35, 0.021, Actual
21/07/25 03:40, 0.012, Actual
21/07/25 03:45, 0.013, Actual
21/07/25 03:50, 0.012, Actual
21/07/25 03:55, 0.013, Actual
21/07/25 04:00, 0.012, Actual
21/07/25 04:05, 0.012, Actual
21/07/25 04:10, 0.013, Actual
21/07/25 04:15, 0.012, Actual
21/07/25 04:20, 0.012, Actual
21/07/25 04:25, 0.013, Actual
21/07/25 04:30, 0.02, Actual
21/07/25 04:35, 0.02, Actual
21/07/25 04:40, 0.012, Actual
21/07/25 04:45, 0.013, Actual
21/07/25 04:50, 0.012, Actual
21/07/25 04:55, 0.013, Actual
21/07/25 05:00, 0.012, Actual
21/07/25 05:05, 0.012, Actual
21/07/25 05:10, 0.013, Actual
21/07/25 05:15, 0.012, Actual
21/07/25 05:20, 0.013, Actual
21/07/25 05:25, 0.012, Actual
21/07/25 05:30, 0.02, Actual
21/07/25 05:35, 0.02, Actual
21/07/25 05:40, 0.013, Actual
21/07/25 05:45, 0.012, Actual
21/07/25 05:50, 0.013, Actual
21/07/25 05:55, 0.012, Actual
21/07/25 06:00, 0.014, Actual
21/07/25 06:05, 0.021, Actual
21/07/25 06:10, 0.023, Actual
21/07/25 06:15, 0.019, Actual
21/07/25 06:20, 0.039, Actual
21/07/25 06:25, 0.034, Actual
21/07/25 06:30, 0.037, Actual
21/07/25 06:35, 0.065, Actual
21/07/25 06:40, 0.161, Actual
21/07/25 06:45, 0.296, Actual
21/07/25 06:50, 0.254, Actual
21/07/25 06:55, 0.241, Actual
21/07/25 07:00, 0.272, Actual
21/07/25 07:05, 0.174, Actual
21/07/25 07:10, 0.35, Actual
21/07/25 07:15, 0.372, Actual
21/07/25 07:20, 0.413, Actual
21/07/25 07:25, 0.375, Actual
21/07/25 07:30, 0.332, Actual
21/07/25 07:35, 0.215, Actual
21/07/25 07:40, 0.138, Actual
21/07/25 07:45, 0.213, Actual
21/07/25 07:50, 0.186, Actual
21/07/25 07:55, 0.08, Actual
21/07/25 08:00, 0.068, Actual
21/07/25 08:05, 0.012, Actual
21/07/25 08:10, 0.021, Actual
21/07/25 08:15, 0.03, Actual
21/07/25 08:20, 0.012, Actual
21/07/25 08:25, 0.008, Actual
21/07/25 08:30, 0.016, Actual
21/07/25 08:35, 0.016, Actual
21/07/25 08:40, 0.015, Actual
21/07/25 08:45, 0.008, Actual
21/07/25 08:50, 0.008, Actual
21/07/25 08:55, 0.008, Actual
21/07/25 09:00, 0.007, Actual
21/07/25 09:05, 0.008, Actual
21/07/25 09:10, 0.008, Actual
21/07/25 09:15, 0.008, Actual
21/07/25 09:20, 0.007, Actual
21/07/25 09:25, 0.008, Actual
21/07/25 09:30, 0.016, Actual
21/07/25 09:35, 0.016, Actual
21/07/25 09:40, 0.011, Actual
21/07/25 09:45, 0.007, Actual
21/07/25 09:50, 0.008, Actual
21/07/25 09:55, 0.008, Actual
21/07/25 10:00, 0.007, Actual
21/07/25 10:05, 0.008, Actual
21/07/25 10:10, 0.007, Actual
21/07/25 10:15, 0.008, Actual
21/07/25 10:20, 0.007, Actual
21/07/25 10:25, 0.008, Actual
21/07/25 10:30, 0.016, Actual
21/07/25 10:35, 0.016, Actual
21/07/25 10:40, 0.009, Actual
21/07/25 10:45, 0.008, Actual
21/07/25 10:50, 0.008, Actual
21/07/25 10:55, 0.007, Actual
21/07/25 11:00, 0.008, Actual
21/07/25 11:05, 0.008, Actual
21/07/25 11:10, 0.008, Actual
21/07/25 11:15, 0.007, Actual
21/07/25 11:20, 0.008, Actual
21/07/25 11:25, 0.008, Actual
21/07/25 11:30, 0.016, Actual
21/07/25 11:35, 0.016, Actual
21/07/25 11:40, 0.01, Actual
21/07/25 11:45, 0.007, Actual
21/07/25 11:50, 0.008, Actual
21/07/25 11:55, 0.008, Actual
21/07/25 12:00, 0.008, Actual
21/07/25 12:05, 0.008, Actual
21/07/25 12:10, 0.007, Actual
21/07/25 12:15, 0.008, Actual
21/07/25 12:20, 0.009, Actual
21/07/25 12:25, 0.009, Actual
21/07/25 12:30, 0.018, Actual
21/07/25 12:35, 0.064, Actual
21/07/25 12:40, 0.039, Actual
21/07/25 12:45, 0.014, Actual
21/07/25 12:50, 0.018, Actual
21/07/25 12:55, 0.01, Actual
21/07/25 13:00, 0.009, Actual
21/07/25 13:05, 0.01, Actual
21/07/25 13:10, 0.01, Actual
21/07/25 13:15, 0.01, Actual
21/07/25 13:20, 0.01, Actual
21/07/25 13:25, 0.01, Actual
21/07/25 13:30, 0.018, Actual
21/07/25 13:35, 0.019, Actual
21/07/25 13:40, 0.019, Actual
21/07/25 13:45, 0.049, Actual
21/07/25 13:50, 0.013, Actual
21/07/25 13:55, 0.013, Actual
21/07/25 14:00, 0.013, Actual
21/07/25 14:05, 0.034, Actual
21/07/25 14:10, 0.102, Actual
21/07/25 14:15, 0.01, Actual
21/07/25 14:20, 0.01, Actual
21/07/25 14:25, 0.011, Actual
21/07/25 14:30, 0.026, Actual
21/07/25 14:35, 0.019, Actual
21/07/25 14:40, 0.026, Actual
21/07/25 14:45, 0.012, Actual
21/07/25 14:50, 0.021, Actual
21/07/25 14:55, 0.026, Actual
21/07/25 15:00, 0.026, Actual
21/07/25 15:05, 0.027, Actual
21/07/25 15:10, 0.016, Actual
21/07/25 15:15, 0.014, Actual
21/07/25 15:20, 0.016, Actual
21/07/25 15:25, 0.018, Actual
21/07/25 15:30, 0.02, Actual
21/07/25 15:35, 0.029, Actual
21/07/25 15:40, 0.028, Actual
21/07/25 15:45, 0.034, Actual
21/07/25 15:50, 0.018, Actual
21/07/25 15:55, 0.018, Actual
21/07/25 16:00, 0.018, Actual
21/07/25 16:05, 0.017, Actual
21/07/25 16:10, 0.018, Actual
21/07/25 16:15, 0.017, Actual
21/07/25 16:20, 0.017, Actual
21/07/25 16:25, 0.029, Actual
21/07/25 16:30, 0.036, Actual
21/07/25 16:35, 0.034, Actual
21/07/25 16:40, 0.027, Actual
21/07/25 16:45, 0.026, Actual
21/07/25 16:50, 0.035, Actual
21/07/25 16:55, 0.031, Actual
21/07/25 17:00, 0.044, Actual
21/07/25 17:05, 0.216, Actual
21/07/25 17:10, 0.408, Actual
21/07/25 17:15, 0.233, Actual
21/07/25 17:20, 0.252, Actual
21/07/25 17:25, 0.229, Actual
21/07/25 17:30, 0.171, Actual
21/07/25 17:35, 0.302, Actual
21/07/25 17:40, 0.355, Actual
21/07/25 17:45, 0.165, Actual
21/07/25 17:50, 0.201, Actual
21/07/25 17:55, 0.164, Actual
21/07/25 18:00, 0.206, Actual
21/07/25 18:05, 0.092, Actual
21/07/25 18:10, 0.299, Actual
21/07/25 18:15, 0.175, Actual
21/07/25 18:20, 0.211, Actual
21/07/25 18:25, 0.178, Actual
21/07/25 18:30, 0.212, Actual
21/07/25 18:35, 0.096, Actual
21/07/25 18:40, 0.07, Actual
21/07/25 18:45, 0.022, Actual
21/07/25 18:50, 0.063, Actual
21/07/25 18:55, 0.015, Actual
21/07/25 19:00, 0.078, Actual
21/07/25 19:05, 0.018, Actual
21/07/25 19:10, 0.081, Actual
21/07/25 19:15, 0.173, Actual
21/07/25 19:20, 0.242, Actual
21/07/25 19:25, 0.077, Actual
21/07/25 19:30, 0.064, Actual
21/07/25 19:35, 0.102, Actual
21/07/25 19:40, 0.059, Actual
21/07/25 19:45, 0.079, Actual
21/07/25 19:50, 0.041, Actual
21/07/25 19:55, 0.034, Actual
21/07/25 20:00, 0.032, Actual
21/07/25 20:05, 0.035, Actual
21/07/25 20:10, 0.078, Actual
21/07/25 20:15, 0.199, Actual
21/07/25 20:20, 0.199, Actual
21/07/25 20:25, 0.191, Actual
21/07/25 20:30, 0.047, Actual
21/07/25 20:35, 0.034, Actual
21/07/25 20:40, 0.033, Actual
21/07/25 20:45, 0.026, Actual
21/07/25 20:50, 0.022, Actual
21/07/25 20:55, 0.022, Actual
21/07/25 21:00, 0.023, Actual
21/07/25 21:05, 0.022, Actual
21/07/25 21:10, 0.022, Actual
21/07/25 21:15, 0.022, Actual
21/07/25 21:20, 0.022, Actual
21/07/25 21:25, 0.016, Actual
21/07/25 21:30, 0.025, Actual
21/07/25 21:35, 0.03, Actual
21/07/25 21:40, 0.016, Actual
21/07/25 21:45, 0.014, Actual
21/07/25 21:50, 0.01, Actual
21/07/25 21:55, 0.008, Actual
21/07/25 22:00, 0.011, Actual
21/07/25 22:05, 0.011, Actual
21/07/25 22:10, 0.011, Actual
21/07/25 22:15, 0.011, Actual
21/07/25 22:20, 0.011, Actual
21/07/25 22:25, 0.01, Actual
21/07/25 22:30, 0.02, Actual
21/07/25 22:35, 0.02, Actual
21/07/25 22:40, 0.013, Actual
21/07/25 22:45, 0.011, Actual
21/07/25 22:50, 0.011, Actual
21/07/25 22:55, 0.011, Actual
21/07/25 23:00, 0.011, Actual
21/07/25 23:05, 0.011, Actual
21/07/25 23:10, 0.011, Actual
21/07/25 23:15, 0.011, Actual
21/07/25 23:20, 0.011, Actual
21/07/25 23:25, 0.011, Actual
21/07/25 23:30, 0.02, Actual
21/07/25 23:35, 0.019, Actual
21/07/25 23:40, 0.012, Actual
21/07/25 23:45, 0.011, Actual
21/07/25 23:50, 0.011, Actual
21/07/25 23:55, 0.011, Actual
22/07/25 00:00, 0.011, Actual
22/07/25 00:05, 0.011, Actual
22/07/25 00:10, 0.011, Actual
22/07/25 00:15, 0.011, Actual
22/07/25 00:20, 0.011, Actual
22/07/25 00:25, 0.011, Actual
22/07/25 00:30, 0.02, Actual
22/07/25 00:35, 0.02, Actual
22/07/25 00:40, 0.011, Actual
22/07/25 00:45, 0.011, Actual
22/07/25 00:50, 0.011, Actual
22/07/25 00:55, 0.012, Actual
22/07/25 01:00, 0.011, Actual
22/07/25 01:05, 0.011, Actual
22/07/25 01:10, 0.011, Actual
22/07/25 01:15, 0.011, Actual
22/07/25 01:20, 0.011, Actual
22/07/25 01:25, 0.012, Actual
22/07/25 01:30, 0.019, Actual
22/07/25 01:35, 0.021, Actual
22/07/25 01:40, 0.011, Actual
22/07/25 01:45, 0.012, Actual
22/07/25 01:50, 0.012, Actual
22/07/25 01:55, 0.027, Actual
22/07/25 02:00, 0.011, Actual
22/07/25 02:05, 0.011, Actual
22/07/25 02:10, 0.011, Actual
22/07/25 02:15, 0.011, Actual
22/07/25 02:20, 0.011, Actual
22/07/25 02:25, 0.011, Actual
22/07/25 02:30, 0.02, Actual
22/07/25 02:35, 0.019, Actual
22/07/25 02:40, 0.011, Actual
22/07/25 02:45, 0.011, Actual
22/07/25 02:50, 0.011, Actual
22/07/25 02:55, 0.011, Actual
22/07/25 03:00, 0.012, Actual
22/07/25 03:05, 0.011, Actual
22/07/25 03:10, 0.011, Actual
22/07/25 03:15, 0.011, Actual
22/07/25 03:20, 0.011, Actual
22/07/25 03:25, 0.011, Actual
22/07/25 03:30, 0.02, Actual
22/07/25 03:35, 0.018, Actual
22/07/25 03:40, 0.011, Actual
22/07/25 03:45, 0.011, Actual
22/07/25 03:50, 0.011, Actual
22/07/25 03:55, 0.012, Actual
22/07/25 04:00, 0.011, Actual
22/07/25 04:05, 0.011, Actual
22/07/25 04:10, 0.011, Actual
22/07/25 04:15, 0.011, Actual
22/07/25 04:20, 0.011, Actual
22/07/25 04:25, 0.011, Actual
22/07/25 04:30, 0.02, Actual
22/07/25 04:35, 0.018, Actual
22/07/25 04:40, 0.011, Actual
22/07/25 04:45, 0.011, Actual
22/07/25 04:50, 0.011, Actual
22/07/25 04:55, 0.011, Actual
22/07/25 05:00, 0.011, Actual
22/07/25 05:05, 0.011, Actual
22/07/25 05:10, 0.011, Actual
22/07/25 05:15, 0.011, Actual
22/07/25 05:20, 0.011, Actual
22/07/25 05:25, 0.012, Actual
22/07/25 05:30, 0.019, Actual
22/07/25 05:35, 0.018, Actual
22/07/25 05:40, 0.011, Actual
22/07/25 05:45, 0.01, Actual
22/07/25 05:50, 0.011, Actual
22/07/25 05:55, 0.015, Actual
22/07/25 06:00, 0.017, Actual
22/07/25 06:05, 0.016, Actual
22/07/25 06:10, 0.017, Actual
22/07/25 06:15, 0.033, Actual
22/07/25 06:20, 0.058, Actual
22/07/25 06:25, 0.054, Actual
22/07/25 06:30, 0.066, Actual
22/07/25 06:35, 0.066, Actual
22/07/25 06:40, 0.167, Actual
22/07/25 06:45, 0.189, Actual
22/07/25 06:50, 0.07, Actual
22/07/25 06:55, 0.201, Actual
22/07/25 07:00, 0.238, Actual
22/07/25 07:05, 0.218, Actual
22/07/25 07:10, 0.169, Actual
22/07/25 07:15, 0.161, Actual
22/07/25 07:20, 0.113, Actual
22/07/25 07:25, 0.102, Actual
22/07/25 07:30, 0.085, Actual
22/07/25 07:35, 0.074, Actual
22/07/25 07:40, 0.081, Actual
22/07/25 07:45, 0.073, Actual
22/07/25 07:50, 0.069, Actual
22/07/25 07:55, 0.058, Actual
22/07/25 08:00, 0.017, Actual
22/07/25 08:05, 0.016, Actual
22/07/25 08:10, 0.025, Actual
22/07/25 08:15, 0.016, Actual
22/07/25 08:20, 0.014, Actual
22/07/25 08:25, 0.01, Actual
22/07/25 08:30, 0.017, Actual
22/07/25 08:35, 0.017, Actual
22/07/25 08:40, 0.016, Actual
22/07/25 08:45, 0.008, Actual
22/07/25 08:50, 0.008, Actual
22/07/25 08:55, 0.009, Actual
22/07/25 09:00, 0.009, Actual
22/07/25 09:05, 0.009, Actual
22/07/25 09:10, 0.009, Actual
22/07/25 09:15, 0.009, Actual
22/07/25 09:20, 0.009, Actual
22/07/25 09:25, 0.01, Actual
22/07/25 09:30, 0.017, Actual
22/07/25 09:35, 0.018, Actual
22/07/25 09:40, 0.011, Actual
22/07/25 09:45, 0.009, Actual
22/07/25 09:50, 0.009, Actual
22/07/25 09:55, 0.009, Actual
22/07/25 10:00, 0.009, Actual
22/07/25 10:05, 0.009, Actual
22/07/25 10:10, 0.009, Actual
22/07/25 10:15, 0.009, Actual
22/07/25 10:20, 0.009, Actual
22/07/25 10:25, 0.01, Actual
22/07/25 10:30, 0.018, Actual
22/07/25 10:35, 0.017, Actual
22/07/25 10:40, 0.011, Actual
22/07/25 10:45, 0.009, Actual
22/07/25 10:50, 0.01, Actual
22/07/25 10:55, 0.01, Actual
22/07/25 11:00, 0.01, Actual
22/07/25 11:05, 0.01, Actual
22/07/25 11:10, 0.01, Actual
22/07/25 11:15, 0.01, Actual
22/07/25 11:20, 0.01, Actual
22/07/25 11:25, 0.011, Actual
22/07/25 11:30, 0.02, Actual
22/07/25 11:35, 0.02, Actual
22/07/25 11:40, 0.013, Actual
22/07/25 11:45, 0.011, Actual
22/07/25 11:50, 0.016, Actual
22/07/25 11:55, 0.023, Actual
22/07/25 12:00, 0.113, Actual
22/07/25 12:05, 0.184, Actual
22/07/25 12:10, 0.205, Actual
22/07/25 12:15, 0.049, Actual
22/07/25 12:20, 0.173, Actual
22/07/25 12:25, 0.328, Actual
22/07/25 12:30, 0.372, Actual
22/07/25 12:35, 0.117, Actual
22/07/25 12:40, 0.137, Actual
22/07/25 12:45, 0.041, Actual
22/07/25 12:50, 0.067, Actual
22/07/25 12:55, 0.134, Actual
22/07/25 13:00, 0.105, Actual
22/07/25 13:05, 0.1, Actual
22/07/25 13:10, 0.095, Actual
22/07/25 13:15, 0.075, Actual
22/07/25 13:20, 0.156, Actual
22/07/25 13:25, 0.075, Actual
22/07/25 13:30, 0.072, Actual
22/07/25 13:35, 0.072, Actual
22/07/25 13:40, 0.067, Actual
22/07/25 13:45, 0.064, Actual
22/07/25 13:50, 0.063, Actual
22/07/25 13:55, 0.064, Actual
22/07/25 14:00, 0.053, Actual
22/07/25 14:05, 0.022, Actual
22/07/25 14:10, 0.019, Actual
22/07/25 14:15, 0.011, Actual
22/07/25 14:20, 0.01, Actual
22/07/25 14:25, 0.011, Actual
22/07/25 14:30, 0.018, Actual
22/07/25 14:35, 0.018, Actual
22/07/25 14:40, 0.012, Actual
22/07/25 14:45, 0.01, Actual
22/07/25 14:50, 0.01, Actual
22/07/25 14:55, 0.01, Actual
22/07/25 15:00, 0.011, Actual
22/07/25 15:05, 0.01, Actual
22/07/25 15:10, 0.01, Actual
22/07/25 15:15, 0.01, Actual
22/07/25 15:20, 0.01, Actual
22/07/25 15:25, 0.012, Actual
22/07/25 15:30, 0.018, Actual
22/07/25 15:35, 0.019, Actual
22/07/25 15:40, 0.01, Actual
22/07/25 15:45, 0.01, Actual
22/07/25 15:50, 0.016, Actual
22/07/25 15:55, 0.02, Actual
22/07/25 16:00, 0.039, Actual
22/07/25 16:05, 0.039, Actual
22/07/25 16:10, 0.041, Actual
22/07/25 16:15, 0.039, Actual
22/07/25 16:20, 0.039, Actual
22/07/25 16:25, 0.043, Actual
22/07/25 16:30, 0.048, Actual
22/07/25 16:35, 0.047, Actual
22/07/25 16:40, 0.046, Actual
22/07/25 16:45, 0.038, Actual
22/07/25 16:50, 0.039, Actual
22/07/25 16:55, 0.039, Actual
22/07/25 17:00, 0.044, Actual
22/07/25 17:05, 0.045, Actual
22/07/25 17:10, 0.046, Actual
22/07/25 17:15, 0.283, Actual
22/07/25 17:20, 0.307, Actual
22/07/25 17:25, 0.224, Actual
22/07/25 17:30, 0.359, Actual
22/07/25 17:35, 0.276, Actual
22/07/25 17:40, 0.33, Actual
22/07/25 17:45, 0.316, Actual
22/07/25 17:50, 0.298, Actual
22/07/25 17:55, 0.264, Actual
22/07/25 18:00, 0.257, Actual
22/07/25 18:05, 0.114, Actual
22/07/25 18:10, 0.116, Actual
22/07/25 18:15, 0.153, Actual
22/07/25 18:20, 0.04, Actual
22/07/25 18:25, 0.096, Actual
22/07/25 18:30, 0.076, Actual
22/07/25 18:35, 0.105, Actual
22/07/25 18:40, 0.396, Actual
22/07/25 18:45, 0.264, Actual
22/07/25 18:50, 0.045, Actual
22/07/25 18:55, 0.047, Actual
22/07/25 19:00, 0.268, Actual
22/07/25 19:05, 0.11, Actual
22/07/25 19:10, 0.052, Actual
22/07/25 19:15, 0.118, Actual
22/07/25 19:20, 0.114, Actual
22/07/25 19:25, 0.043, Actual
22/07/25 19:30, 0.129, Actual
22/07/25 19:35, 0.043, Actual
22/07/25 19:40, 0.036, Actual
22/07/25 19:45, 0.047, Actual
22/07/25 19:50, 0.194, Actual
22/07/25 19:55, 0.302, Actual
22/07/25 20:00, 0.382, Actual
22/07/25 20:05, 0.163, Actual
22/07/25 20:10, 0.1, Actual
22/07/25 20:15, 0.167, Actual
22/07/25 20:20, 0.091, Actual
22/07/25 20:25, 0.04, Actual
22/07/25 20:30, 0.023, Actual
22/07/25 20:35, 0.036, Actual
22/07/25 20:40, 0.021, Actual
22/07/25 20:45, 0.012, Actual
22/07/25 20:50, 0.012, Actual
22/07/25 20:55, 0.009, Actual
22/07/25 21:00, 0.01, Actual
22/07/25 21:05, 0.009, Actual
22/07/25 21:10, 0.009, Actual
22/07/25 21:15, 0.01, Actual
22/07/25 21:20, 0.009, Actual
22/07/25 21:25, 0.013, Actual
22/07/25 21:30, 0.018, Actual
22/07/25 21:35, 0.019, Actual
22/07/25 21:40, 0.015, Actual
22/07/25 21:45, 0.01, Actual
22/07/25 21:50, 0.009, Actual
22/07/25 21:55, 0.012, Actual
22/07/25 22:00, 0.009, Actual
22/07/25 22:05, 0.011, Actual
22/07/25 22:10, 0.018, Actual
22/07/25 22:15, 0.009, Actual
22/07/25 22:20, 0.007, Actual
22/07/25 22:25, 0.011, Actual
22/07/25 22:30, 0.016, Actual
22/07/25 22:35, 0.016, Actual
22/07/25 22:40, 0.007, Actual
22/07/25 22:45, 0.008, Actual
22/07/25 22:50, 0.008, Actual
22/07/25 22:55, 0.007, Actual
22/07/25 23:00, 0.008, Actual
22/07/25 23:05, 0.008, Actual
22/07/25 23:10, 0.008, Actual
22/07/25 23:15, 0.008, Actual
22/07/25 23:20, 0.008, Actual
22/07/25 23:25, 0.012, Actual
22/07/25 23:30, 0.018, Actual
22/07/25 23:35, 0.017, Actual
22/07/25 23:40, 0.01, Actual
22/07/25 23:45, 0.01, Actual
22/07/25 23:50, 0.01, Actual
22/07/25 23:55, 0.011, Actual
23/07/25 00:00, 0.01, Actual
23/07/25 00:05, 0.01, Actual
23/07/25 00:10, 0.01, Actual
23/07/25 00:15, 0.011, Actual
23/07/25 00:20, 0.01, Actual
23/07/25 00:25, 0.012, Actual
23/07/25 00:30, 0.019, Actual
23/07/25 00:35, 0.015, Actual
23/07/25 00:40, 0.011, Actual
23/07/25 00:45, 0.01, Actual
23/07/25 00:50, 0.01, Actual
23/07/25 00:55, 0.01, Actual
23/07/25 01:00, 0.011, Actual
23/07/25 01:05, 0.01, Actual
23/07/25 01:10, 0.011, Actual
23/07/25 01:15, 0.012, Actual
23/07/25 01:20, 0.011, Actual
23/07/25 01:25, 0.015, Actual
23/07/25 01:30, 0.02, Actual
23/07/25 01:35, 0.017, Actual
23/07/25 01:40, 0.011, Actual
23/07/25 01:45, 0.012, Actual
23/07/25 01:50, 0.012, Actual
23/07/25 01:55, 0.011, Actual
23/07/25 02:00, 0.012, Actual
23/07/25 02:05, 0.012, Actual
23/07/25 02:10, 0.012, Actual
23/07/25 02:15, 0.011, Actual
23/07/25 02:20, 0.012, Actual
23/07/25 02:25, 0.014, Actual
23/07/25 02:30, 0.02, Actual
23/07/25 02:35, 0.017, Actual
23/07/25 02:40, 0.011, Actual
23/07/25 02:45, 0.012, Actual
23/07/25 02:50, 0.012, Actual
23/07/25 02:55, 0.011, Actual
23/07/25 03:00, 0.012, Actual
23/07/25 03:05, 0.012, Actual
23/07/25 03:10, 0.012, Actual
23/07/25 03:15, 0.011, Actual
23/07/25 03:20, 0.012, Actual
23/07/25 03:25, 0.014, Actual
23/07/25 03:30, 0.02, Actual
23/07/25 03:35, 0.017, Actual
23/07/25 03:40, 0.011, Actual
23/07/25 03:45, 0.012, Actual
23/07/25 03:50, 0.012, Actual
23/07/25 03:55, 0.011, Actual
23/07/25 04:00, 0.012, Actual
23/07/25 04:05, 0.012, Actual
23/07/25 04:10, 0.011, Actual
23/07/25 04:15, 0.012, Actual
23/07/25 04:20, 0.012, Actual
23/07/25 04:25, 0.014, Actual
23/07/25 04:30, 0.02, Actual
23/07/25 04:35, 0.016, Actual
23/07/25 04:40, 0.012, Actual
23/07/25 04:45, 0.012, Actual
23/07/25 04:50, 0.011, Actual
23/07/25 04:55, 0.012, Actual
23/07/25 05:00, 0.012, Actual
23/07/25 05:05, 0.012, Actual
23/07/25 05:10, 0.012, Actual
23/07/25 05:15, 0.02, Actual
23/07/25 05:20, 0.012, Actual
23/07/25 05:25, 0.014, Actual
23/07/25 05:30, 0.023, Actual
23/07/25 05:35, 0.023, Actual
23/07/25 05:40, 0.017, Actual
23/07/25 05:45, 0.017, Actual
23/07/25 05:50, 0.079, Actual
23/07/25 05:55, 0.05, Actual
23/07/25 06:00, 0.044, Actual
23/07/25 06:05, 0.02, Actual
23/07/25 06:10, 0.02, Actual
23/07/25 06:15, 0.029, Actual
23/07/25 06:20, 0.064, Actual
23/07/25 06:25, 0.045, Actual
23/07/25 06:30, 0.026, Actual
23/07/25 06:35, 0.22, Actual
23/07/25 06:40, 0.361, Actual
23/07/25 06:45, 0.239, Actual
23/07/25 06:50, 0.312, Actual
23/07/25 06:55, 0.315, Actual
23/07/25 07:00, 0.299, Actual
23/07/25 07:05, 0.299, Actual
23/07/25 07:10, 0.218, Actual
23/07/25 07:15, 0.289, Actual
23/07/25 07:20, 0.35, Actual
23/07/25 07:25, 0.304, Actual
23/07/25 07:30, 0.114, Actual
23/07/25 07:35, 0.03, Actual
23/07/25 07:40, 0.132, Actual
23/07/25 07:45, 0.188, Actual
23/07/25 07:50, 0.114, Actual
23/07/25 07:55, 0.104, Actual
23/07/25 08:00, 0.097, Actual
23/07/25 08:05, 0.133, Actual
23/07/25 08:10, 0.025, Actual
23/07/25 08:15, 0.011, Actual
23/07/25 08:20, 0.008, Actual
23/07/25 08:25, 0.017, Actual
23/07/25 08:30, 0.015, Actual
23/07/25 08:35, 0.015, Actual
23/07/25 08:40, 0.013, Actual
23/07/25 08:45, 0.007, Actual
23/07/25 08:50, 0.007, Actual
23/07/25 08:55, 0.007, Actual
23/07/25 09:00, 0.007, Actual
23/07/25 09:05, 0.007, Actual
23/07/25 09:10, 0.007, Actual
23/07/25 09:15, 0.007, Actual
23/07/25 09:20, 0.007, Actual
23/07/25 09:25, 0.01, Actual
23/07/25 09:30, 0.015, Actual
23/07/25 09:35, 0.015, Actual
23/07/25 09:40, 0.007, Actual
23/07/25 09:45, 0.007, Actual
23/07/25 09:50, 0.007, Actual
23/07/25 09:55, 0.007, Actual
23/07/25 10:00, 0.007, Actual
23/07/25 10:05, 0.007, Actual
23/07/25 10:10, 0.007, Actual
23/07/25 10:15, 0.007, Actual
23/07/25 10:20, 0.007, Actual
23/07/25 10:25, 0.114, Actual
23/07/25 10:30, 0.183, Actual
23/07/25 10:35, 0.181, Actual
23/07/25 10:40, 0.091, Actual
23/07/25 10:45, 0.012, Actual
23/07/25 10:50, 0.014, Actual
23/07/25 10:55, 0.014, Actual
23/07/25 11:00, 0.015, Actual
23/07/25 11:05, 0.02, Actual
23/07/25 11:10, 0.01, Actual
23/07/25 11:15, 0.009, Actual
23/07/25 11:20, 0.01, Actual
23/07/25 11:25, 0.012, Actual
23/07/25 11:30, 0.017, Actual
23/07/25 11:35, 0.015, Actual
23/07/25 11:40, 0.012, Actual
23/07/25 11:45, 0.013, Actual
23/07/25 11:50, 0.159, Actual
23/07/25 11:55, 0.149, Actual
23/07/25 12:00, 0.013, Actual
23/07/25 12:05, 0.033, Actual
23/07/25 12:10, 0.192, Actual
23/07/25 12:15, 0.191, Actual
23/07/25 12:20, 0.035, Actual
23/07/25 12:25, 0.026, Actual
23/07/25 12:30, 0.038, Actual
23/07/25 12:35, 0.059, Actual
23/07/25 12:40, 0.032, Actual
23/07/25 12:45, 0.031, Actual
23/07/25 12:50, 0.021, Actual
23/07/25 12:55, 0.03, Actual
23/07/25 13:00, 0.031, Actual
23/07/25 13:05, 0.104, Actual
23/07/25 13:10, 0.104, Actual
23/07/25 13:15, 0.009, Actual
23/07/25 13:20, 0.009, Actual
23/07/25 13:25, 0.012, Actual
23/07/25 13:30, 0.018, Actual
23/07/25 13:35, 0.013, Actual
23/07/25 13:40, 0.01, Actual
23/07/25 13:45, 0.02, Actual
23/07/25 13:50, 0.013, Actual
23/07/25 13:55, 0.013, Actual
23/07/25 14:00, 0.012, Actual
23/07/25 14:05, 0.013, Actual
23/07/25 14:10, 0.222, Actual
23/07/25 14:15, 0.221, Actual
23/07/25 14:20, 0.023, Actual
23/07/25 14:25, 0.024, Actual
23/07/25 14:30, 0.03, Actual
23/07/25 14:35, 0.026, Actual
23/07/25 14:40, 0.022, Actual
23/07/25 14:45, 0.022, Actual
23/07/25 14:50, 0.022, Actual
23/07/25 14:55, 0.022, Actual
23/07/25 15:00, 0.022, Actual
23/07/25 15:05, 0.022, Actual
23/07/25 15:10, 0.022, Actual
23/07/25 15:15, 0.027, Actual
23/07/25 15:20, 0.03, Actual
23/07/25 15:25, 0.038, Actual
23/07/25 15:30, 0.049, Actual
23/07/25 15:35, 0.042, Actual
23/07/25 15:40, 0.04, Actual
23/07/25 15:45, 0.041, Actual
23/07/25 15:50, 0.04, Actual
23/07/25 15:55, 0.047, Actual
23/07/25 16:00, 0.049, Actual
23/07/25 16:05, 0.05, Actual
23/07/25 16:10, 0.047, Actual
23/07/25 16:15, 0.037, Actual
23/07/25 16:20, 0.037, Actual
23/07/25 16:25, 0.04, Actual
23/07/25 16:30, 0.045, Actual
23/07/25 16:35, 0.044, Actual
23/07/25 16:40, 0.249, Actual
23/07/25 16:45, 0.275, Actual
23/07/25 16:50, 0.158, Actual
23/07/25 16:55, 0.138, Actual
23/07/25 17:00, 0.142, Actual
23/07/25 17:05, 0.124, Actual
23/07/25 17:10, 0.126, Actual
23/07/25 17:15, 0.129, Actual
23/07/25 17:20, 0.123, Actual
23/07/25 17:25, 0.137, Actual
23/07/25 17:30, 0.139, Actual
23/07/25 17:35, 0.139, Actual
23/07/25 17:40, 0.396, Actual
23/07/25 17:45, 0.287, Actual
23/07/25 17:50, 0.321, Actual
23/07/25 17:55, 0.231, Actual
23/07/25 18:00, 0.139, Actual
23/07/25 18:05, 0.065, Actual
23/07/25 18:10, 0.133, Actual
23/07/25 18:15, 0.064, Actual
23/07/25 18:20, 0.067, Actual
23/07/25 18:25, 0.138, Actual
23/07/25 18:30, 0.036, Actual
23/07/25 18:35, 0.146, Actual
23/07/25 18:40, 0.031, Actual
23/07/25 18:45, 0.023, Actual
23/07/25 18:50, 0.029, Actual
23/07/25 18:55, 0.095, Actual
23/07/25 19:00, 0.029, Actual
23/07/25 19:05, 0.204, Actual
23/07/25 19:10, 0.117, Actual
23/07/25 19:15, 0.157, Actual
23/07/25 19:20, 0.038, Actual
23/07/25 19:25, 0.103, Actual
23/07/25 19:30, 0.032, Actual
23/07/25 19:35, 0.107, Actual
23/07/25 19:40, 0.212, Actual
23/07/25 19:45, 0.098, Actual
23/07/25 19:50, 0.036, Actual
23/07/25 19:55, 0.037, Actual
23/07/25 20:00, 0.043, Actual
23/07/25 20:05, 0.03, Actual
23/07/25 20:10, 0.03, Actual
23/07/25 20:15, 0.032, Actual
23/07/25 20:20, 0.029, Actual
23/07/25 20:25, 0.031, Actual
23/07/25 20:30, 0.112, Actual
23/07/25 20:35, 0.204, Actual
23/07/25 20:40, 0.192, Actual
23/07/25 20:45, 0.184, Actual
23/07/25 20:50, 0.027, Actual
23/07/25 20:55, 0.027, Actual
23/07/25 21:00, 0.029, Actual
23/07/25 21:05, 0.029, Actual
23/07/25 21:10, 0.029, Actual
23/07/25 21:15, 0.028, Actual
23/07/25 21:20, 0.029, Actual
23/07/25 21:25, 0.032, Actual
23/07/25 21:30, 0.037, Actual
23/07/25 21:35, 0.033, Actual
23/07/25 21:40, 0.028, Actual
23/07/25 21:45, 0.021, Actual
23/07/25 21:50, 0.023, Actual
23/07/25 21:55, 0.016, Actual
23/07/25 22:00, 0.02, Actual
23/07/25 22:05, 0.013, Actual
23/07/25 22:10, 0.012, Actual
23/07/25 22:15, 0.013, Actual
23/07/25 22:20, 0.012, Actual
23/07/25 22:25, 0.016, Actual
23/07/25 22:30, 0.021, Actual
23/07/25 22:35, 0.016, Actual
23/07/25 22:40, 0.012, Actual
23/07/25 22:45, 0.013, Actual
23/07/25 22:50, 0.012, Actual
23/07/25 22:55, 0.012, Actual
23/07/25 23:00, 0.012, Actual
23/07/25 23:05, 0.013, Actual
23/07/25 23:10, 0.012, Actual
23/07/25 23:15, 0.012, Actual
23/07/25 23:20, 0.013, Actual
23/07/25 23:25, 0.016, Actual
23/07/25 23:30, 0.02, Actual
23/07/25 23:35, 0.016, Actual
23/07/25 23:40, 0.012, Actual
23/07/25 23:45, 0.012, Actual
23/07/25 23:50, 0.012, Actual
23/07/25 23:55, 0.012, Actual
24/07/25 00:00, 0.012, Actual
24/07/25 00:05, 0.012, Actual
24/07/25 00:10, 0.012, Actual
24/07/25 00:15, 0.013, Actual
24/07/25 00:20, 0.012, Actual
24/07/25 00:25, 0.016, Actual
24/07/25 00:30, 0.02, Actual
24/07/25 00:35, 0.016, Actual
24/07/25 00:40, 0.012, Actual
24/07/25 00:45, 0.012, Actual
24/07/25 00:50, 0.012, Actual
24/07/25 00:55, 0.012, Actual
24/07/25 01:00, 0.012, Actual
24/07/25 01:05, 0.012, Actual
24/07/25 01:10, 0.012, Actual
24/07/25 01:15, 0.012, Actual
24/07/25 01:20, 0.012, Actual
24/07/25 01:25, 0.016, Actual
24/07/25 01:30, 0.02, Actual
24/07/25 01:35, 0.015, Actual
24/07/25 01:40, 0.012, Actual
24/07/25 01:45, 0.012, Actual
24/07/25 01:50, 0.012, Actual
24/07/25 01:55, 0.012, Actual
24/07/25 02:00, 0.012, Actual
24/07/25 02:05, 0.012, Actual
24/07/25 02:10, 0.012, Actual
24/07/25 02:15, 0.012, Actual
24/07/25 02:20, 0.012, Actual
24/07/25 02:25, 0.017, Actual
24/07/25 02:30, 0.02, Actual
24/07/25 02:35, 0.015, Actual
24/07/25 02:40, 0.012, Actual
24/07/25 02:45, 0.013, Actual
24/07/25 02:50, 0.012, Actual
24/07/25 02:55, 0.012, Actual
24/07/25 03:00, 0.012, Actual
24/07/25 03:05, 0.012, Actual
24/07/25 03:10, 0.012, Actual
24/07/25 03:15, 0.013, Actual
24/07/25 03:20, 0.012, Actual
24/07/25 03:25, 0.016, Actual
24/07/25 03:30, 0.021, Actual
24/07/25 03:35, 0.015, Actual
24/07/25 03:40, 0.012, Actual
24/07/25 03:45, 0.012, Actual
24/07/25 03:50, 0.013, Actual
24/07/25 03:55, 0.012, Actual
24/07/25 04:00, 0.012, Actual
24/07/25 04:05, 0.013, Actual
24/07/25 04:10, 0.012, Actual
24/07/25 04:15, 0.012, Actual
24/07/25 04:20, 0.012, Actual
24/07/25 04:25, 0.017, Actual
24/07/25 04:30, 0.021, Actual
24/07/25 04:35, 0.024, Actual
24/07/25 04:40, 0.012, Actual
24/07/25 04:45, 0.013, Actual
24/07/25 04:50, 0.012, Actual
24/07/25 04:55, 0.013, Actual
24/07/25 05:00, 0.012, Actual
24/07/25 05:05, 0.013, Actual
24/07/25 05:10, 0.012, Actual
24/07/25 05:15, 0.012, Actual
24/07/25 05:20, 0.013, Actual
24/07/25 05:25, 0.017, Actual
24/07/25 05:30, 0.035, Actual
24/07/25 05:35, 0.032, Actual
24/07/25 05:40, 0.04, Actual
24/07/25 05:45, 0.075, Actual
24/07/25 05:50, 0.062, Actual
24/07/25 05:55, 0.068, Actual
24/07/25 06:00, 0.075, Actual
24/07/25 06:05, 0.033, Actual
24/07/25 06:10, 0.032, Actual
24/07/25 06:15, 0.046, Actual
24/07/25 06:20, 0.028, Actual
24/07/25 06:25, 0.032, Actual
24/07/25 06:30, 0.233, Actual
24/07/25 06:35, 0.291, Actual
24/07/25 06:40, 0.259, Actual
24/07/25 06:45, 0.235, Actual
24/07/25 06:50, 0.344, Actual
24/07/25 06:55, 0.445, Actual
24/07/25 07:00, 0.48, Actual
24/07/25 07:05, 0.351, Actual
24/07/25 07:10, 0.307, Actual
24/07/25 07:15, 0.468, Actual
24/07/25 07:20, 0.306, Actual
24/07/25 07:25, 0.348, Actual
24/07/25 07:30, 0.132, Actual
24/07/25 07:35, 0.175, Actual
24/07/25 07:40, 0.138, Actual
24/07/25 07:45, 0.099, Actual
24/07/25 07:50, 0.101, Actual
24/07/25 07:55, 0.09, Actual
24/07/25 08:00, 0.061, Actual
24/07/25 08:05, 0.034, Actual
24/07/25 08:10, 0.027, Actual
24/07/25 08:15, 0.023, Actual
24/07/25 08:20, 0.021, Actual
24/07/25 08:25, 0.014, Actual
24/07/25 08:30, 0.015, Actual
24/07/25 08:35, 0.015, Actual
24/07/25 08:40, 0.014, Actual
24/07/25 08:45, 0.015, Actual
24/07/25 08:50, 0.016, Actual
24/07/25 08:55, 0.01, Actual
24/07/25 09:00, 0.007, Actual
24/07/25 09:05, 0.007, Actual
24/07/25 09:10, 0.007, Actual
24/07/25 09:15, 0.007, Actual
24/07/25 09:20, 0.008, Actual
24/07/25 09:25, 0.007, Actual
24/07/25 09:30, 0.007, Actual
24/07/25 09:35, 0.007, Actual
24/07/25 09:40, 0.007, Actual
24/07/25 09:45, 0.012, Actual
24/07/25 09:50, 0.015, Actual
24/07/25 09:55, 0.016, Actual
24/07/25 10:00, 0.008, Actual
24/07/25 10:05, 0.007, Actual
24/07/25 10:10, 0.007, Actual
24/07/25 10:15, 0.007, Actual
24/07/25 10:20, 0.008, Actual
24/07/25 10:25, 0.007, Actual
24/07/25 10:30, 0.008, Actual
24/07/25 10:35, 0.009, Actual
24/07/25 10:40, 0.009, Actual
24/07/25 10:45, 0.014, Actual
24/07/25 10:50, 0.017, Actual
24/07/25 10:55, 0.013, Actual
24/07/25 11:00, 0.009, Actual
24/07/25 11:05, 0.01, Actual
24/07/25 11:10, 0.009, Actual
24/07/25 11:15, 0.009, Actual
24/07/25 11:20, 0.01, Actual
24/07/25 11:25, 0.009, Actual
24/07/25 11:30, 0.009, Actual
24/07/25 11:35, 0.009, Actual
24/07/25 11:40, 0.01, Actual
24/07/25 11:45, 0.015, Actual
24/07/25 11:50, 0.018, Actual
24/07/25 11:55, 0.018, Actual
24/07/25 12:00, 0.103, Actual
24/07/25 12:05, 0.196, Actual
24/07/25 12:10, 0.196, Actual
24/07/25 12:15, 0.087, Actual
24/07/25 12:20, 0.062, Actual
24/07/25 12:25, 0.027, Actual
24/07/25 12:30, 0.029, Actual
24/07/25 12:35, 0.031, Actual
24/07/25 12:40, 0.075, Actual
24/07/25 12:45, 0.036, Actual
24/07/25 12:50, 0.052, Actual
24/07/25 12:55, 0.026, Actual
24/07/25 13:00, 0.023, Actual
24/07/25 13:05, 0.024, Actual
24/07/25 13:10, 0.023, Actual
24/07/25 13:15, 0.025, Actual
24/07/25 13:20, 0.025, Actual
24/07/25 13:25, 0.025, Actual
24/07/25 13:30, 0.024, Actual
24/07/25 13:35, 0.024, Actual
24/07/25 13:40, 0.025, Actual
24/07/25 13:45, 0.029, Actual
24/07/25 13:50, 0.034, Actual
24/07/25 13:55, 0.029, Actual
24/07/25 14:00, 0.023, Actual
24/07/25 14:05, 0.024, Actual
24/07/25 14:10, 0.023, Actual
24/07/25 14:15, 0.023, Actual
24/07/25 14:20, 0.021, Actual
24/07/25 14:25, 0.021, Actual
24/07/25 14:30, 0.021, Actual
24/07/25 14:35, 0.02, Actual
24/07/25 14:40, 0.021, Actual
24/07/25 14:45, 0.026, Actual
24/07/25 14:50, 0.029, Actual
24/07/25 14:55, 0.026, Actual
24/07/25 15:00, 0.009, Actual
24/07/25 15:05, 0.009, Actual
24/07/25 15:10, 0.013, Actual
24/07/25 15:15, 0.016, Actual
24/07/25 15:20, 0.01, Actual
24/07/25 15:25, 0.057, Actual
24/07/25 15:30, 0.009, Actual
24/07/25 15:35, 0.009, Actual
24/07/25 15:40, 0.009, Actual
24/07/25 15:45, 0.015, Actual
24/07/25 15:50, 0.022, Actual
24/07/25 15:55, 0.019, Actual
24/07/25 16:00, 0.032, Actual
24/07/25 16:05, 0.036, Actual
24/07/25 16:10, 0.028, Actual
24/07/25 16:15, 0.026, Actual
24/07/25 16:20, 0.028, Actual
24/07/25 16:25, 0.029, Actual
24/07/25 16:30, 0.028, Actual
24/07/25 16:35, 0.03, Actual
24/07/25 16:40, 0.065, Actual
24/07/25 16:45, 0.036, Actual
24/07/25 16:50, 0.037, Actual
24/07/25 16:55, 0.036, Actual
24/07/25 17:00, 0.034, Actual
24/07/25 17:05, 0.026, Actual
24/07/25 17:10, 0.023, Actual
24/07/25 17:15, 0.029, Actual
24/07/25 17:20, 0.035, Actual
24/07/25 17:25, 0.044, Actual
24/07/25 17:30, 0.043, Actual
24/07/25 17:35, 0.043, Actual
24/07/25 17:40, 0.055, Actual
24/07/25 17:45, 0.16, Actual
24/07/25 17:50, 0.11, Actual
24/07/25 17:55, 0.098, Actual
24/07/25 18:00, 0.093, Actual
24/07/25 18:05, 0.087, Actual
24/07/25 18:10, 0.323, Actual
24/07/25 18:15, 0.216, Actual
24/07/25 18:20, 0.208, Actual
24/07/25 18:25, 0.154, Actual
24/07/25 18:30, 0.202, Actual
24/07/25 18:35, 0.112, Actual
24/07/25 18:40, 0.222, Actual
24/07/25 18:45, 0.107, Actual
24/07/25 18:50, 0.208, Actual
24/07/25 18:55, 0.146, Actual
24/07/25 19:00, 0.166, Actual
24/07/25 19:05, 0.124, Actual
24/07/25 19:10, 0.147, Actual
24/07/25 19:15, 0.094, Actual
24/07/25 19:20, 0.043, Actual
24/07/25 19:25, 0.077, Actual
24/07/25 19:30, 0.073, Actual
24/07/25 19:35, 0.208, Actual
24/07/25 19:40, 0.214, Actual
24/07/25 19:45, 0.104, Actual
24/07/25 19:50, 0.085, Actual
24/07/25 19:55, 0.049, Actual
24/07/25 20:00, 0.074, Actual
24/07/25 20:05, 0.078, Actual
24/07/25 20:10, 0.054, Actual
24/07/25 20:15, 0.054, Actual
24/07/25 20:20, 0.101, Actual
24/07/25 20:25, 0.237, Actual
24/07/25 20:30, 0.21, Actual
24/07/25 20:35, 0.219, Actual
24/07/25 20:40, 0.075, Actual
24/07/25 20:45, 0.052, Actual
24/07/25 20:50, 0.088, Actual
24/07/25 20:55, 0.087, Actual
24/07/25 21:00, 0.043, Actual
24/07/25 21:05, 0.05, Actual
24/07/25 21:10, 0.071, Actual
24/07/25 21:15, 0.068, Actual
24/07/25 21:20, 0.03, Actual
24/07/25 21:25, 0.068, Actual
24/07/25 21:30, 0.065, Actual
24/07/25 21:35, 0.064, Actual
24/07/25 21:40, 0.067, Actual
24/07/25 21:45, 0.039, Actual
24/07/25 21:50, 0.065, Actual
24/07/25 21:55, 0.056, Actual
24/07/25 22:00, 0.05, Actual
24/07/25 22:05, 0.017, Actual
24/07/25 22:10, 0.043, Actual
24/07/25 22:15, 0.046, Actual
24/07/25 22:20, 0.045, Actual
24/07/25 22:25, 0.046, Actual
24/07/25 22:30, 0.049, Actual
24/07/25 22:35, 0.036, Actual
24/07/25 22:40, 0.029, Actual
24/07/25 22:45, 0.053, Actual
24/07/25 22:50, 0.061, Actual
24/07/25 22:55, 0.041, Actual
24/07/25 23:00, 0.027, Actual
24/07/25 23:05, 0.053, Actual
24/07/25 23:10, 0.05, Actual
24/07/25 23:15, 0.029, Actual
24/07/25 23:20, 0.035, Actual
24/07/25 23:25, 0.056, Actual
24/07/25 23:30, 0.05, Actual
24/07/25 23:35, 0.013, Actual
24/07/25 23:40, 0.054, Actual
24/07/25 23:45, 0.056, Actual
24/07/25 23:50, 0.043, Actual
24/07/25 23:55, 0.031, Actual
25/07/25 00:00, 0.051, Actual
25/07/25 00:05, 0.052, Actual
25/07/25 00:10, 0.021, Actual
25/07/25 00:15, 0.042, Actual
25/07/25 00:20, 0.051, Actual
25/07/25 00:25, 0.05, Actual
25/07/25 00:30, 0.024, Actual
25/07/25 00:35, 0.037, Actual
25/07/25 00:40, 0.05, Actual
25/07/25 00:45, 0.057, Actual
25/07/25 00:50, 0.053, Actual
25/07/25 00:55, 0.022, Actual
25/07/25 01:00, 0.052, Actual
25/07/25 01:05, 0.051, Actual
25/07/25 01:10, 0.032, Actual
25/07/25 01:15, 0.031, Actual
25/07/25 01:20, 0.05, Actual
25/07/25 01:25, 0.051, Actual
25/07/25 01:30, 0.045, Actual
25/07/25 01:35, 0.048, Actual
25/07/25 01:40, 0.026, Actual
25/07/25 01:45, 0.043, Actual
25/07/25 01:50, 0.06, Actual
25/07/25 01:55, 0.062, Actual
25/07/25 02:00, 0.05, Actual
25/07/25 02:05, 0.038, Actual
25/07/25 02:10, 0.051, Actual
25/07/25 02:15, 0.019, Actual
25/07/25 02:20, 0.052, Actual
25/07/25 02:25, 0.05, Actual
25/07/25 02:30, 0.044, Actual
25/07/25 02:35, 0.05, Actual
25/07/25 02:40, 0.029, Actual
25/07/25 02:45, 0.043, Actual
25/07/25 02:50, 0.052, Actual
25/07/25 02:55, 0.05, Actual
25/07/25 03:00, 0.052, Actual
25/07/25 03:05, 0.048, Actual
25/07/25 03:10, 0.022, Actual
25/07/25 03:15, 0.044, Actual
25/07/25 03:20, 0.051, Actual
25/07/25 03:25, 0.045, Actual
25/07/25 03:30, 0.05, Actual
25/07/25 03:35, 0.043, Actual
25/07/25 03:40, 0.051, Actual
25/07/25 03:45, 0.028, Actual
25/07/25 03:50, 0.051, Actual
25/07/25 03:55, 0.053, Actual
25/07/25 04:00, 0.055, Actual
25/07/25 04:05, 0.027, Actual
25/07/25 04:10, 0.035, Actual
25/07/25 04:15, 0.052, Actual
25/07/25 04:20, 0.047, Actual
25/07/25 04:25, 0.051, Actual
25/07/25 04:30, 0.031, Actual
25/07/25 04:35, 0.04, Actual
25/07/25 04:40, 0.045, Actual
25/07/25 04:45, 0.061, Actual
25/07/25 04:50, 0.052, Actual
25/07/25 04:55, 0.026, Actual
25/07/25 05:00, 0.045, Actual
25/07/25 05:05, 0.05, Actual
25/07/25 05:10, 0.05, Actual
25/07/25 05:15, 0.044, Actual
25/07/25 05:20, 0.026, Actual
25/07/25 05:25, 0.042, Actual
25/07/25 05:30, 0.049, Actual
25/07/25 05:35, 0.052, Actual
25/07/25 05:40, 0.041, Actual
25/07/25 05:45, 0.03, Actual
25/07/25 05:50, 0.057, Actual
25/07/25 05:55, 0.053, Actual
25/07/25 06:00, 0.052, Actual
25/07/25 06:05, 0.046, Actual
25/07/25 06:10, 0.059, Actual
25/07/25 06:15, 0.027, Actual
25/07/25 06:20, 0.087, Actual
25/07/25 06:25, 0.084, Actual
25/07/25 06:30, 0.283, Actual
25/07/25 06:35, 0.275, Actual
25/07/25 06:40, 0.234, Actual
25/07/25 06:45, 0.188, Actual
25/07/25 06:50, 0.293, Actual
25/07/25 06:55, 0.21, Actual
25/07/25 07:00, 0.242, Actual
25/07/25 07:05, 0.271, Actual
25/07/25 07:10, 0.362, Actual
25/07/25 07:15, 0.313, Actual
25/07/25 07:20, 0.338, Actual
25/07/25 07:25, 0.223, Actual
25/07/25 07:30, 0.074, Actual
25/07/25 07:35, 0.094, Actual
25/07/25 07:40, 0.101, Actual
25/07/25 07:45, 0.079, Actual
25/07/25 07:50, 0.08, Actual
25/07/25 07:55, 0.068, Actual
25/07/25 08:00, 0.027, Actual
25/07/25 08:05, 0.015, Actual
25/07/25 08:10, 0.012, Actual
25/07/25 08:15, 0.01, Actual
25/07/25 08:20, 0.009, Actual
25/07/25 08:25, 0.008, Actual
25/07/25 08:30, 0.007, Actual
25/07/25 08:35, 0.007, Actual
25/07/25 08:40, 0.007, Actual
25/07/25 08:45, 0.013, Actual
25/07/25 08:50, 0.016, Actual
25/07/25 08:55, 0.014, Actual
25/07/25 09:00, 0.007, Actual
25/07/25 09:05, 0.007, Actual
25/07/25 09:10, 0.008, Actual
25/07/25 09:15, 0.007, Actual
25/07/25 09:20, 0.007, Actual
25/07/25 09:25, 0.007, Actual
25/07/25 09:30, 0.007, Actual
25/07/25 09:35, 0.007, Actual
25/07/25 09:40, 0.007, Actual
25/07/25 09:45, 0.013, Actual
25/07/25 09:50, 0.016, Actual
25/07/25 09:55, 0.009, Actual
25/07/25 10:00, 0.007, Actual
25/07/25 10:05, 0.007, Actual
25/07/25 10:10, 0.007, Actual
25/07/25 10:15, 0.007, Actual
25/07/25 10:20, 0.007, Actual
25/07/25 10:25, 0.007, Actual
25/07/25 10:30, 0.009, Actual
25/07/25 10:35, 0.009, Actual
25/07/25 10:40, 0.009, Actual
25/07/25 10:45, 0.015, Actual
25/07/25 10:50, 0.018, Actual
25/07/25 10:55, 0.01, Actual
25/07/25 11:00, 0.01, Actual
25/07/25 11:05, 0.009, Actual
25/07/25 11:10, 0.009, Actual
25/07/25 11:15, 0.009, Actual
25/07/25 11:20, 0.009, Actual
25/07/25 11:25, 0.01, Actual
25/07/25 11:30, 0.01, Actual
25/07/25 11:35, 0.015, Actual
25/07/25 11:40, 0.105, Actual
25/07/25 11:45, 0.183, Actual
25/07/25 11:50, 0.187, Actual
25/07/25 11:55, 0.043, Actual
25/07/25 12:00, 0.257, Actual
25/07/25 12:05, 0.179, Actual
25/07/25 12:10, 0.177, Actual
25/07/25 12:15, 0.026, Actual
25/07/25 12:20, 0.058, Actual
25/07/25 12:25, 0.027, Actual
25/07/25 12:30, 0.029, Actual
25/07/25 12:35, 0.029, Actual
25/07/25 12:40, 0.031, Actual
25/07/25 12:45, 0.035, Actual
25/07/25 12:50, 0.037, Actual
25/07/25 12:55, 0.042, Actual
25/07/25 13:00, 0.042, Actual
25/07/25 13:05, 0.024, Actual
25/07/25 13:10, 0.023, Actual
25/07/25 13:15, 0.022, Actual
25/07/25 13:20, 0.023, Actual
25/07/25 13:25, 0.023, Actual
25/07/25 13:30, 0.023, Actual
25/07/25 13:35, 0.023, Actual
25/07/25 13:40, 0.023, Actual
25/07/25 13:45, 0.029, Actual
25/07/25 13:50, 0.031, Actual
25/07/25 13:55, 0.025, Actual
25/07/25 14:00, 0.056, Actual
25/07/25 14:05, 0.026, Actual
25/07/25 14:10, 0.026, Actual
25/07/25 14:15, 0.025, Actual
25/07/25 14:20, 0.022, Actual
25/07/25 14:25, 0.022, Actual
25/07/25 14:30, 0.022, Actual
25/07/25 14:35, 0.022, Actual
25/07/25 14:40, 0.023, Actual
25/07/25 14:45, 0.029, Actual
25/07/25 14:50, 0.032, Actual
25/07/25 14:55, 0.013, Actual
25/07/25 15:00, 0.011, Actual
25/07/25 15:05, 0.011, Actual
25/07/25 15:10, 0.017, Actual
25/07/25 15:15, 0.014, Actual
25/07/25 15:20, 0.011, Actual
25/07/25 15:25, 0.014, Actual
25/07/25 15:30, 0.028, Actual
25/07/25 15:35, 0.037, Actual
25/07/25 15:40, 0.036, Actual
25/07/25 15:45, 0.045, Actual
25/07/25 15:50, 0.047, Actual
25/07/25 15:55, 0.04, Actual
25/07/25 16:00, 0.042, Actual
25/07/25 16:05, 0.041, Actual
25/07/25 16:10, 0.042, Actual
25/07/25 16:15, 0.041, Actual
25/07/25 16:20, 0.041, Actual
25/07/25 16:25, 0.09, Actual
25/07/25 16:30, 0.087, Actual
25/07/25 16:35, 0.095, Actual
25/07/25 16:40, 0.095, Actual
25/07/25 16:45, 0.059, Actual
25/07/25 16:50, 0.107, Actual
25/07/25 16:55, 0.412, Actual
25/07/25 17:00, 0.161, Actual
25/07/25 17:05, 0.216, Actual
25/07/25 17:10, 0.369, Actual
25/07/25 17:15, 0.298, Actual
25/07/25 17:20, 0.26, Actual
25/07/25 17:25, 0.135, Actual
25/07/25 17:30, 0.241, Actual
25/07/25 17:35, 0.194, Actual
25/07/25 17:40, 0.28, Actual
25/07/25 17:45, 0.189, Actual
25/07/25 17:50, 0.294, Actual
25/07/25 17:55, 0.091, Actual
25/07/25 18:00, 0.159, Actual
25/07/25 18:05, 0.041, Actual
25/07/25 18:10, 0.119, Actual
25/07/25 18:15, 0.073, Actual
25/07/25 18:20, 0.151, Actual
25/07/25 18:25, 0.071, Actual
25/07/25 18:30, 0.072, Actual
25/07/25 18:35, 0.082, Actual
25/07/25 18:40, 0.137, Actual
25/07/25 18:45, 0.284, Actual
25/07/25 18:50, 0.263, Actual
25/07/25 18:55, 0.107, Actual
25/07/25 19:00, 0.108, Actual
25/07/25 19:05, 0.094, Actual
25/07/25 19:10, 0.095, Actual
25/07/25 19:15, 0.096, Actual
25/07/25 19:20, 0.093, Actual
25/07/25 19:25, 0.067, Actual
25/07/25 19:30, 0.056, Actual
25/07/25 19:35, 0.203, Actual
25/07/25 19:40, 0.206, Actual
25/07/25 19:45, 0.2, Actual
25/07/25 19:50, 0.075, Actual
25/07/25 19:55, 0.033, Actual
25/07/25 20:00, 0.027, Actual
25/07/25 20:05, 0.029, Actual
25/07/25 20:10, 0.028, Actual
25/07/25 20:15, 0.028, Actual
25/07/25 20:20, 0.028, Actual
25/07/25 20:25, 0.026, Actual
25/07/25 20:30, 0.026, Actual
25/07/25 20:35, 0.025, Actual
25/07/25 20:40, 0.023, Actual
25/07/25 20:45, 0.021, Actual
25/07/25 20:50, 0.021, Actual
25/07/25 20:55, 0.024, Actual
25/07/25 21:00, 0.024, Actual
25/07/25 21:05, 0.024, Actual
25/07/25 21:10, 0.024, Actual
25/07/25 21:15, 0.023, Actual
25/07/25 21:20, 0.023, Actual
25/07/25 21:25, 0.023, Actual
25/07/25 21:30, 0.022, Actual
25/07/25 21:35, 0.024, Actual
25/07/25 21:40, 0.023, Actual
25/07/25 21:45, 0.02, Actual
25/07/25 21:50, 0.02, Actual
25/07/25 21:55, 0.011, Actual
25/07/25 22:00, 0.017, Actual
25/07/25 22:05, 0.009, Actual
25/07/25 22:10, 0.009, Actual
25/07/25 22:15, 0.009, Actual
25/07/25 22:20, 0.009, Actual
25/07/25 22:25, 0.009, Actual
25/07/25 22:30, 0.009, Actual
25/07/25 22:35, 0.009, Actual
25/07/25 22:40, 0.009, Actual
25/07/25 22:45, 0.018, Actual
25/07/25 22:50, 0.02, Actual
25/07/25 22:55, 0.011, Actual
25/07/25 23:00, 0.012, Actual
25/07/25 23:05, 0.011, Actual
25/07/25 23:10, 0.011, Actual
25/07/25 23:15, 0.012, Actual
25/07/25 23:20, 0.011, Actual
25/07/25 23:25, 0.011, Actual
25/07/25 23:30, 0.011, Actual
25/07/25 23:35, 0.012, Actual
25/07/25 23:40, 0.011, Actual
25/07/25 23:45, 0.018, Actual
25/07/25 23:50, 0.02, Actual
25/07/25 23:55, 0.011, Actual
26/07/25 00:00, 0.011, Actual
26/07/25 00:05, 0.011, Actual
26/07/25 00:10, 0.011, Actual
26/07/25 00:15, 0.011, Actual
26/07/25 00:20, 0.011, Actual
26/07/25 00:25, 0.012, Actual
26/07/25 00:30, 0.011, Actual
26/07/25 00:35, 0.011, Actual
26/07/25 00:40, 0.012, Actual
26/07/25 00:45, 0.019, Actual
26/07/25 00:50, 0.02, Actual
26/07/25 00:55, 0.011, Actual
26/07/25 01:00, 0.012, Actual
26/07/25 01:05, 0.011, Actual
26/07/25 01:10, 0.012, Actual
26/07/25 01:15, 0.011, Actual
26/07/25 01:20, 0.012, Actual
26/07/25 01:25, 0.011, Actual
26/07/25 01:30, 0.012, Actual
26/07/25 01:35, 0.011, Actual
26/07/25 01:40, 0.012, Actual
26/07/25 01:45, 0.019, Actual
26/07/25 01:50, 0.021, Actual
26/07/25 01:55, 0.019, Actual
26/07/25 02:00, 0.012, Actual
26/07/25 02:05, 0.011, Actual
26/07/25 02:10, 0.012, Actual
26/07/25 02:15, 0.011, Actual
26/07/25 02:20, 0.012, Actual
26/07/25 02:25, 0.011, Actual
26/07/25 02:30, 0.012, Actual
26/07/25 02:35, 0.011, Actual
26/07/25 02:40, 0.012, Actual
26/07/25 02:45, 0.019, Actual
26/07/25 02:50, 0.02, Actual
26/07/25 02:55, 0.011, Actual
26/07/25 03:00, 0.012, Actual
26/07/25 03:05, 0.011, Actual
26/07/25 03:10, 0.012, Actual
26/07/25 03:15, 0.011, Actual
26/07/25 03:20, 0.012, Actual
26/07/25 03:25, 0.011, Actual
26/07/25 03:30, 0.012, Actual
26/07/25 03:35, 0.011, Actual
26/07/25 03:40, 0.012, Actual
26/07/25 03:45, 0.019, Actual
26/07/25 03:50, 0.02, Actual
26/07/25 03:55, 0.011, Actual
26/07/25 04:00, 0.012, Actual
26/07/25 04:05, 0.012, Actual
26/07/25 04:10, 0.011, Actual
26/07/25 04:15, 0.012, Actual
26/07/25 04:20, 0.012, Actual
26/07/25 04:25, 0.011, Actual
26/07/25 04:30, 0.012, Actual
26/07/25 04:35, 0.012, Actual
26/07/25 04:40, 0.011, Actual
26/07/25 04:45, 0.02, Actual
26/07/25 04:50, 0.02, Actual
26/07/25 04:55, 0.011, Actual
26/07/25 05:00, 0.012, Actual
26/07/25 05:05, 0.012, Actual
26/07/25 05:10, 0.011, Actual
26/07/25 05:15, 0.012, Actual
26/07/25 05:20, 0.011, Actual
26/07/25 05:25, 0.012, Actual
26/07/25 05:30, 0.012, Actual
26/07/25 05:35, 0.011, Actual
26/07/25 05:40, 0.012, Actual
26/07/25 05:45, 0.019, Actual
26/07/25 05:50, 0.02, Actual
26/07/25 05:55, 0.011, Actual
26/07/25 06:00, 0.012, Actual
26/07/25 06:05, 0.011, Actual
26/07/25 06:10, 0.012, Actual
26/07/25 06:15, 0.011, Actual
26/07/25 06:20, 0.012, Actual
26/07/25 06:25, 0.011, Actual
26/07/25 06:30, 0.012, Actual
26/07/25 06:35, 0.011, Actual
26/07/25 06:40, 0.012, Actual
26/07/25 06:45, 0.019, Actual
26/07/25 06:50, 0.039, Actual
26/07/25 06:55, 0.248, Actual
26/07/25 07:00, 0.218, Actual
26/07/25 07:05, 0.209, Actual
26/07/25 07:10, 0.249, Actual
26/07/25 07:15, 0.22, Actual
26/07/25 07:20, 0.141, Actual
26/07/25 07:25, 0.117, Actual
26/07/25 07:30, 0.12, Actual
26/07/25 07:35, 0.119, Actual
26/07/25 07:40, 0.117, Actual
26/07/25 07:45, 0.122, Actual
26/07/25 07:50, 0.211, Actual
26/07/25 07:55, 0.218, Actual
26/07/25 08:00, 0.216, Actual
26/07/25 08:05, 0.172, Actual
26/07/25 08:10, 0.149, Actual
26/07/25 08:15, 0.111, Actual
26/07/25 08:20, 0.103, Actual
26/07/25 08:25, 0.118, Actual
26/07/25 08:30, 0.149, Actual
26/07/25 08:35, 0.109, Actual
26/07/25 08:40, 0.069, Actual
26/07/25 08:45, 0.046, Actual
26/07/25 08:50, 0.089, Actual
26/07/25 08:55, 0.082, Actual
26/07/25 09:00, 0.054, Actual
26/07/25 09:05, 0.151, Actual
26/07/25 09:10, 0.196, Actual
26/07/25 09:15, 0.311, Actual
26/07/25 09:20, 0.379, Actual
26/07/25 09:25, 0.057, Actual
26/07/25 09:30, 0.024, Actual
26/07/25 09:35, 0.025, Actual
26/07/25 09:40, 0.019, Actual
26/07/25 09:45, 0.034, Actual
26/07/25 09:50, 0.024, Actual
26/07/25 09:55, 0.021, Actual
26/07/25 10:00, 0.057, Actual
26/07/25 10:05, 0.154, Actual
26/07/25 10:10, 0.189, Actual
26/07/25 10:15, 0.195, Actual
26/07/25 10:20, 0.038, Actual
26/07/25 10:25, 0.026, Actual
26/07/25 10:30, 0.026, Actual
26/07/25 10:35, 0.023, Actual
26/07/25 10:40, 0.017, Actual
26/07/25 10:45, 0.029, Actual
26/07/25 10:50, 0.03, Actual
26/07/25 10:55, 0.024, Actual
26/07/25 11:00, 0.039, Actual
26/07/25 11:05, 0.022, Actual
26/07/25 11:10, 0.026, Actual
26/07/25 11:15, 0.022, Actual
26/07/25 11:20, 0.037, Actual
26/07/25 11:25, 0.251, Actual
26/07/25 11:30, 0.221, Actual
26/07/25 11:35, 0.175, Actual
26/07/25 11:40, 0.149, Actual
26/07/25 11:45, 0.107, Actual
26/07/25 11:50, 0.036, Actual
26/07/25 11:55, 0.042, Actual
26/07/25 12:00, 0.023, Actual
26/07/25 12:05, 0.025, Actual
26/07/25 12:10, 0.073, Actual
26/07/25 12:15, 0.176, Actual
26/07/25 12:20, 0.038, Actual
26/07/25 12:25, 0.018, Actual
26/07/25 12:30, 0.031, Actual
26/07/25 12:35, 0.023, Actual
26/07/25 12:40, 0.089, Actual
26/07/25 12:45, 0.038, Actual
26/07/25 12:50, 0.037, Actual
26/07/25 12:55, 0.035, Actual
26/07/25 13:00, 0.026, Actual
26/07/25 13:05, 0.024, Actual
26/07/25 13:10, 0.035, Actual
26/07/25 13:15, 0.038, Actual
26/07/25 13:20, 0.038, Actual
26/07/25 13:25, 0.136, Actual
26/07/25 13:30, 0.087, Actual
26/07/25 13:35, 0.035, Actual
26/07/25 13:40, 0.041, Actual
26/07/25 13:45, 0.043, Actual
26/07/25 13:50, 0.043, Actual
26/07/25 13:55, 0.035, Actual
26/07/25 14:00, 0.035, Actual
26/07/25 14:05, 0.034, Actual
26/07/25 14:10, 0.033, Actual
26/07/25 14:15, 0.033, Actual
26/07/25 14:20, 0.032, Actual
26/07/25 14:25, 0.033, Actual
26/07/25 14:30, 0.067, Actual
26/07/25 14:35, 0.091, Actual
26/07/25 14:40, 0.083, Actual
26/07/25 14:45, 0.087, Actual
26/07/25 14:50, 0.086, Actual
26/07/25 14:55, 0.079, Actual
26/07/25 15:00, 0.062, Actual
26/07/25 15:05, 0.042, Actual
26/07/25 15:10, 0.043, Actual
26/07/25 15:15, 0.035, Actual
26/07/25 15:20, 0.034, Actual
26/07/25 15:25, 0.029, Actual
26/07/25 15:30, 0.036, Actual
26/07/25 15:35, 0.031, Actual
26/07/25 15:40, 0.048, Actual
26/07/25 15:45, 0.06, Actual
26/07/25 15:50, 0.059, Actual
26/07/25 15:55, 0.048, Actual
26/07/25 16:00, 0.048, Actual
26/07/25 16:05, 0.048, Actual
26/07/25 16:10, 0.048, Actual
26/07/25 16:15, 0.048, Actual
26/07/25 16:20, 0.048, Actual
26/07/25 16:25, 0.049, Actual
26/07/25 16:30, 0.047, Actual
26/07/25 16:35, 0.048, Actual
26/07/25 16:40, 0.048, Actual
26/07/25 16:45, 0.057, Actual
26/07/25 16:50, 0.055, Actual
26/07/25 16:55, 0.048, Actual
26/07/25 17:00, 0.049, Actual
26/07/25 17:05, 0.046, Actual
26/07/25 17:10, 0.365, Actual
26/07/25 17:15, 0.243, Actual
26/07/25 17:20, 0.169, Actual
26/07/25 17:25, 0.189, Actual
26/07/25 17:30, 0.173, Actual
26/07/25 17:35, 0.17, Actual
26/07/25 17:40, 0.187, Actual
26/07/25 17:45, 0.228, Actual
26/07/25 17:50, 0.357, Actual
26/07/25 17:55, 0.424, Actual
26/07/25 18:00, 0.26, Actual
26/07/25 18:05, 0.298, Actual
26/07/25 18:10, 0.16, Actual
26/07/25 18:15, 0.098, Actual
26/07/25 18:20, 0.092, Actual
26/07/25 18:25, 0.086, Actual
26/07/25 18:30, 0.091, Actual
26/07/25 18:35, 0.093, Actual
26/07/25 18:40, 0.087, Actual
26/07/25 18:45, 0.223, Actual
26/07/25 18:50, 0.225, Actual
26/07/25 18:55, 0.117, Actual
26/07/25 19:00, 0.09, Actual
26/07/25 19:05, 0.066, Actual
26/07/25 19:10, 0.098, Actual
26/07/25 19:15, 0.034, Actual
26/07/25 19:20, 0.072, Actual
26/07/25 19:25, 0.105, Actual
26/07/25 19:30, 0.034, Actual
26/07/25 19:35, 0.036, Actual
26/07/25 19:40, 0.171, Actual
26/07/25 19:45, 0.215, Actual
26/07/25 19:50, 0.209, Actual
26/07/25 19:55, 0.15, Actual
26/07/25 20:00, 0.038, Actual
26/07/25 20:05, 0.038, Actual
26/07/25 20:10, 0.038, Actual
26/07/25 20:15, 0.038, Actual
26/07/25 20:20, 0.038, Actual
26/07/25 20:25, 0.038, Actual
26/07/25 20:30, 0.038, Actual
26/07/25 20:35, 0.031, Actual
26/07/25 20:40, 0.028, Actual
26/07/25 20:45, 0.035, Actual
26/07/25 20:50, 0.039, Actual
26/07/25 20:55, 0.036, Actual
26/07/25 21:00, 0.033, Actual
26/07/25 21:05, 0.031, Actual
26/07/25 21:10, 0.03, Actual
26/07/25 21:15, 0.027, Actual
26/07/25 21:20, 0.027, Actual
26/07/25 21:25, 0.028, Actual
26/07/25 21:30, 0.028, Actual
26/07/25 21:35, 0.03, Actual
26/07/25 21:40, 0.03, Actual
26/07/25 21:45, 0.039, Actual
26/07/25 21:50, 0.039, Actual
26/07/25 21:55, 0.031, Actual
26/07/25 22:00, 0.028, Actual
26/07/25 22:05, 0.028, Actual
26/07/25 22:10, 0.028, Actual
26/07/25 22:15, 0.027, Actual
26/07/25 22:20, 0.029, Actual
26/07/25 22:25, 0.024, Actual
26/07/25 22:30, 0.013, Actual
26/07/25 22:35, 0.013, Actual
26/07/25 22:40, 0.013, Actual
26/07/25 22:45, 0.021, Actual
26/07/25 22:50, 0.022, Actual
26/07/25 22:55, 0.013, Actual
26/07/25 23:00, 0.013, Actual
26/07/25 23:05, 0.013, Actual
26/07/25 23:10, 0.013, Actual
26/07/25 23:15, 0.013, Actual
26/07/25 23:20, 0.013, Actual
26/07/25 23:25, 0.013, Actual
26/07/25 23:30, 0.013, Actual
26/07/25 23:35, 0.013, Actual
26/07/25 23:40, 0.014, Actual
26/07/25 23:45, 0.022, Actual
26/07/25 23:50, 0.02, Actual
26/07/25 23:55, 0.017, Actual
27/07/25 00:00, 0.03, Actual
27/07/25 00:05, 0.031, Actual
27/07/25 00:10, 0.031, Actual
27/07/25 00:15, 0.029, Actual
27/07/25 00:20, 0.016, Actual
27/07/25 00:25, 0.02, Actual
27/07/25 00:30, 0.02, Actual
27/07/25 00:35, 0.021, Actual
27/07/25 00:40, 0.022, Actual
27/07/25 00:45, 0.016, Actual
27/07/25 00:50, 0.014, Actual
27/07/25 00:55, 0.013, Actual
27/07/25 01:00, 0.014, Actual
27/07/25 01:05, 0.013, Actual
27/07/25 01:10, 0.014, Actual
27/07/25 01:15, 0.013, Actual
27/07/25 01:20, 0.014, Actual
27/07/25 01:25, 0.013, Actual
27/07/25 01:30, 0.014, Actual
27/07/25 01:35, 0.014, Actual
27/07/25 01:40, 0.014, Actual
27/07/25 01:45, 0.022, Actual
27/07/25 01:50, 0.022, Actual
27/07/25 01:55, 0.02, Actual
27/07/25 02:00, 0.014, Actual
27/07/25 02:05, 0.014, Actual
27/07/25 02:10, 0.013, Actual
27/07/25 02:15, 0.014, Actual
27/07/25 02:20, 0.013, Actual
27/07/25 02:25, 0.014, Actual
27/07/25 02:30, 0.013, Actual
27/07/25 02:35, 0.014, Actual
27/07/25 02:40, 0.014, Actual
27/07/25 02:45, 0.022, Actual
27/07/25 02:50, 0.021, Actual
27/07/25 02:55, 0.013, Actual
27/07/25 03:00, 0.014, Actual
27/07/25 03:05, 0.013, Actual
27/07/25 03:10, 0.014, Actual
27/07/25 03:15, 0.013, Actual
27/07/25 03:20, 0.014, Actual
27/07/25 03:25, 0.013, Actual
27/07/25 03:30, 0.014, Actual
27/07/25 03:35, 0.014, Actual
27/07/25 03:40, 0.014, Actual
27/07/25 03:45, 0.022, Actual
27/07/25 03:50, 0.02, Actual
27/07/25 03:55, 0.014, Actual
27/07/25 04:00, 0.013, Actual
27/07/25 04:05, 0.014, Actual
27/07/25 04:10, 0.013, Actual
27/07/25 04:15, 0.014, Actual
27/07/25 04:20, 0.014, Actual
27/07/25 04:25, 0.014, Actual
27/07/25 04:30, 0.022, Actual
27/07/25 04:35, 0.013, Actual
27/07/25 04:40, 0.015, Actual
27/07/25 04:45, 0.022, Actual
27/07/25 04:50, 0.02, Actual
27/07/25 04:55, 0.013, Actual
27/07/25 05:00, 0.014, Actual
27/07/25 05:05, 0.013, Actual
27/07/25 05:10, 0.014, Actual
27/07/25 05:15, 0.013, Actual
27/07/25 05:20, 0.014, Actual
27/07/25 05:25, 0.013, Actual
27/07/25 05:30, 0.014, Actual
27/07/25 05:35, 0.013, Actual
27/07/25 05:40, 0.015, Actual
27/07/25 05:45, 0.022, Actual
27/07/25 05:50, 0.02, Actual
27/07/25 05:55, 0.013, Actual
27/07/25 06:00, 0.014, Actual
27/07/25 06:05, 0.013, Actual
27/07/25 06:10, 0.013, Actual
27/07/25 06:15, 0.014, Actual
27/07/25 06:20, 0.013, Actual
27/07/25 06:25, 0.013, Actual
27/07/25 06:30, 0.013, Actual
27/07/25 06:35, 0.014, Actual
27/07/25 06:40, 0.014, Actual
27/07/25 06:45, 0.022, Actual
27/07/25 06:50, 0.019, Actual
27/07/25 06:55, 0.014, Actual
27/07/25 07:00, 0.014, Actual
27/07/25 07:05, 0.166, Actual
27/07/25 07:10, 0.257, Actual
27/07/25 07:15, 0.245, Actual
27/07/25 07:20, 0.238, Actual
27/07/25 07:25, 0.253, Actual
27/07/25 07:30, 0.281, Actual
27/07/25 07:35, 0.128, Actual
27/07/25 07:40, 0.117, Actual
27/07/25 07:45, 0.192, Actual
27/07/25 07:50, 0.119, Actual
27/07/25 07:55, 0.104, Actual
27/07/25 08:00, 0.098, Actual
27/07/25 08:05, 0.099, Actual
27/07/25 08:10, 0.097, Actual
27/07/25 08:15, 0.099, Actual
27/07/25 08:20, 0.054, Actual
27/07/25 08:25, 0.074, Actual
27/07/25 08:30, 0.14, Actual
27/07/25 08:35, 0.077, Actual
27/07/25 08:40, 0.161, Actual
27/07/25 08:45, 0.102, Actual
27/07/25 08:50, 0.232, Actual
27/07/25 08:55, 0.189, Actual
27/07/25 09:00, 0.142, Actual
27/07/25 09:05, 0.019, Actual
27/07/25 09:10, 0.113, Actual
27/07/25 09:15, 0.016, Actual
27/07/25 09:20, 0.092, Actual
27/07/25 09:25, 0.039, Actual
27/07/25 09:30, 0.02, Actual
27/07/25 09:35, 0.01, Actual
27/07/25 09:40, 0.016, Actual
27/07/25 09:45, 0.015, Actual
27/07/25 09:50, 0.016, Actual
27/07/25 09:55, 0.013, Actual
27/07/25 10:00, 0.007, Actual
27/07/25 10:05, 0.007, Actual
27/07/25 10:10, 0.033, Actual
27/07/25 10:15, 0.051, Actual
27/07/25 10:20, 0.007, Actual
27/07/25 10:25, 0.007, Actual
27/07/25 10:30, 0.008, Actual
27/07/25 10:35, 0.01, Actual
27/07/25 10:40, 0.011, Actual
27/07/25 10:45, 0.018, Actual
27/07/25 10:50, 0.019, Actual
27/07/25 10:55, 0.013, Actual
27/07/25 11:00, 0.01, Actual
27/07/25 11:05, 0.01, Actual
27/07/25 11:10, 0.009, Actual
27/07/25 11:15, 0.01, Actual
27/07/25 11:20, 0.01, Actual
27/07/25 11:25, 0.011, Actual
27/07/25 11:30, 0.015, Actual
27/07/25 11:35, 0.014, Actual
27/07/25 11:40, 0.017, Actual
27/07/25 11:45, 0.023, Actual
27/07/25 11:50, 0.024, Actual
27/07/25 11:55, 0.019, Actual
27/07/25 12:00, 0.015, Actual
27/07/25 12:05, 0.016, Actual
27/07/25 12:10, 0.016, Actual
27/07/25 12:15, 0.053, Actual
27/07/25 12:20, 0.05, Actual
27/07/25 12:25, 0.015, Actual
27/07/25 12:30, 0.015, Actual
27/07/25 12:35, 0.014, Actual
27/07/25 12:40, 0.017, Actual
27/07/25 12:45, 0.035, Actual
27/07/25 12:50, 0.046, Actual
27/07/25 12:55, 0.099, Actual
27/07/25 13:00, 0.211, Actual
27/07/25 13:05, 0.206, Actual
27/07/25 13:10, 0.106, Actual
27/07/25 13:15, 0.035, Actual
27/07/25 13:20, 0.196, Actual
27/07/25 13:25, 0.206, Actual
27/07/25 13:30, 0.206, Actual
27/07/25 13:35, 0.047, Actual
27/07/25 13:40, 0.119, Actual
27/07/25 13:45, 0.098, Actual
27/07/25 13:50, 0.05, Actual
27/07/25 13:55, 0.091, Actual
27/07/25 14:00, 0.048, Actual
27/07/25 14:05, 0.038, Actual
27/07/25 14:10, 0.037, Actual
27/07/25 14:15, 0.037, Actual
27/07/25 14:20, 0.049, Actual
27/07/25 14:25, 0.049, Actual
27/07/25 14:30, 0.135, Actual
27/07/25 14:35, 0.163, Actual
27/07/25 14:40, 0.069, Actual
27/07/25 14:45, 0.102, Actual
27/07/25 14:50, 0.214, Actual
27/07/25 14:55, 0.101, Actual
27/07/25 15:00, 0.113, Actual
27/07/25 15:05, 0.081, Actual
27/07/25 15:10, 0.074, Actual
27/07/25 15:15, 0.071, Actual
27/07/25 15:20, 0.076, Actual
27/07/25 15:25, 0.082, Actual
27/07/25 15:30, 0.058, Actual
27/07/25 15:35, 0.074, Actual
27/07/25 15:40, 0.079, Actual
27/07/25 15:45, 0.084, Actual
27/07/25 15:50, 0.061, Actual
27/07/25 15:55, 0.08, Actual
27/07/25 16:00, 0.086, Actual
27/07/25 16:05, 0.057, Actual
27/07/25 16:10, 0.087, Actual
27/07/25 16:15, 0.082, Actual
27/07/25 16:20, 0.052, Actual
27/07/25 16:25, 0.082, Actual
27/07/25 16:30, 0.086, Actual
27/07/25 16:35, 0.075, Actual
27/07/25 16:40, 0.068, Actual
27/07/25 16:45, 0.158, Actual
27/07/25 16:50, 0.405, Actual
27/07/25 16:55, 0.202, Actual
27/07/25 17:00, 0.16, Actual
27/07/25 17:05, 0.152, Actual
27/07/25 17:10, 0.143, Actual
27/07/25 17:15, 0.128, Actual
27/07/25 17:20, 0.139, Actual
27/07/25 17:25, 0.139, Actual
27/07/25 17:30, 0.137, Actual
27/07/25 17:35, 0.135, Actual
27/07/25 17:40, 0.241, Actual
27/07/25 17:45, 0.165, Actual
27/07/25 17:50, 0.213, Actual
27/07/25 17:55, 0.348, Actual
27/07/25 18:00, 0.314, Actual
27/07/25 18:05, 0.271, Actual
27/07/25 18:10, 0.248, Actual
27/07/25 18:15, 0.082, Actual
27/07/25 18:20, 0.021, Actual
27/07/25 18:25, 0.055, Actual
27/07/25 18:30, 0.082, Actual
27/07/25 18:35, 0.018, Actual
27/07/25 18:40, 0.077, Actual
27/07/25 18:45, 0.034, Actual
27/07/25 18:50, 0.071, Actual
27/07/25 18:55, 0.049, Actual
27/07/25 19:00, 0.188, Actual
27/07/25 19:05, 0.239, Actual
27/07/25 19:10, 0.072, Actual
27/07/25 19:15, 0.083, Actual
27/07/25 19:20, 0.166, Actual
27/07/25 19:25, 0.154, Actual
27/07/25 19:30, 0.025, Actual
27/07/25 19:35, 0.094, Actual
27/07/25 19:40, 0.094, Actual
27/07/25 19:45, 0.114, Actual
27/07/25 19:50, 0.044, Actual
27/07/25 19:55, 0.097, Actual
27/07/25 20:00, 0.119, Actual
27/07/25 20:05, 0.251, Actual
27/07/25 20:10, 0.223, Actual
27/07/25 20:15, 0.147, Actual
27/07/25 20:20, 0.072, Actual
27/07/25 20:25, 0.049, Actual
27/07/25 20:30, 0.074, Actual
27/07/25 20:35, 0.026, Actual
27/07/25 20:40, 0.103, Actual
27/07/25 20:45, 0.036, Actual
27/07/25 20:50, 0.102, Actual
27/07/25 20:55, 0.029, Actual
27/07/25 21:00, 0.026, Actual
27/07/25 21:05, 0.025, Actual
27/07/25 21:10, 0.025, Actual
27/07/25 21:15, 0.024, Actual
27/07/25 21:20, 0.024, Actual
27/07/25 21:25, 0.024, Actual
27/07/25 21:30, 0.064, Actual
27/07/25 21:35, 0.07, Actual
27/07/25 21:40, 0.066, Actual
27/07/25 21:45, 0.063, Actual
27/07/25 21:50, 0.04, Actual
27/07/25 21:55, 0.011, Actual
27/07/25 22:00, 0.01, Actual
27/07/25 22:05, 0.01, Actual
27/07/25 22:10, 0.009, Actual
27/07/25 22:15, 0.01, Actual
27/07/25 22:20, 0.01, Actual
27/07/25 22:25, 0.01, Actual
27/07/25 22:30, 0.012, Actual
27/07/25 22:35, 0.011, Actual
27/07/25 22:40, 0.014, Actual
27/07/25 22:45, 0.02, Actual
27/07/25 22:50, 0.02, Actual
27/07/25 22:55, 0.012, Actual
27/07/25 23:00, 0.019, Actual
27/07/25 23:05, 0.012, Actual
27/07/25 23:10, 0.012, Actual
27/07/25 23:15, 0.011, Actual
27/07/25 23:20, 0.012, Actual
27/07/25 23:25, 0.012, Actual
27/07/25 23:30, 0.012, Actual
27/07/25 23:35, 0.011, Actual
27/07/25 23:40, 0.016, Actual
27/07/25 23:45, 0.02, Actual
27/07/25 23:50, 0.021, Actual
27/07/25 23:55, 0.012, Actual
28/07/25 00:00, 0.014, Actual
28/07/25 00:05, 0.013, Actual
28/07/25 00:10, 0.015, Actual
28/07/25 00:15, 0.014, Actual
28/07/25 00:20, 0.013, Actual
28/07/25 00:25, 0.013, Actual
28/07/25 00:30, 0.012, Actual
28/07/25 00:35, 0.012, Actual
28/07/25 00:40, 0.015, Actual
28/07/25 00:45, 0.021, Actual
28/07/25 00:50, 0.019, Actual
28/07/25 00:55, 0.013, Actual
28/07/25 01:00, 0.012, Actual
28/07/25 01:05, 0.013, Actual
28/07/25 01:10, 0.012, Actual
28/07/25 01:15, 0.012, Actual
28/07/25 01:20, 0.012, Actual
28/07/25 01:25, 0.011, Actual
28/07/25 01:30, 0.012, Actual
28/07/25 01:35, 0.012, Actual
28/07/25 01:40, 0.014, Actual
28/07/25 01:45, 0.02, Actual
28/07/25 01:50, 0.018, Actual
28/07/25 01:55, 0.012, Actual
28/07/25 02:00, 0.012, Actual
28/07/25 02:05, 0.011, Actual
28/07/25 02:10, 0.013, Actual
28/07/25 02:15, 0.018, Actual
28/07/25 02:20, 0.012, Actual
28/07/25 02:25, 0.012, Actual
28/07/25 02:30, 0.012, Actual
28/07/25 02:35, 0.011, Actual
28/07/25 02:40, 0.015, Actual
28/07/25 02:45, 0.02, Actual
28/07/25 02:50, 0.018, Actual
28/07/25 02:55, 0.011, Actual
28/07/25 03:00, 0.012, Actual
28/07/25 03:05, 0.012, Actual
28/07/25 03:10, 0.012, Actual
28/07/25 03:15, 0.012, Actual
28/07/25 03:20, 0.011, Actual
28/07/25 03:25, 0.012, Actual
28/07/25 03:30, 0.012, Actual
28/07/25 03:35, 0.011, Actual
28/07/25 03:40, 0.015, Actual
28/07/25 03:45, 0.02, Actual
28/07/25 03:50, 0.017, Actual
28/07/25 03:55, 0.012, Actual
28/07/25 04:00, 0.012, Actual
28/07/25 04:05, 0.011, Actual
28/07/25 04:10, 0.012, Actual
28/07/25 04:15, 0.012, Actual
28/07/25 04:20, 0.012, Actual
28/07/25 04:25, 0.011, Actual
28/07/25 04:30, 0.012, Actual
28/07/25 04:35, 0.012, Actual
28/07/25 04:40, 0.014, Actual
28/07/25 04:45, 0.02, Actual
28/07/25 04:50, 0.016, Actual
28/07/25 04:55, 0.012, Actual
28/07/25 05:00, 0.012, Actual
28/07/25 05:05, 0.011, Actual
28/07/25 05:10, 0.012, Actual
28/07/25 05:15, 0.011, Actual
28/07/25 05:20, 0.012, Actual
28/07/25 05:25, 0.011, Actual
28/07/25 05:30, 0.012, Actual
28/07/25 05:35, 0.011, Actual
28/07/25 05:40, 0.015, Actual
28/07/25 05:45, 0.019, Actual
28/07/25 05:50, 0.017, Actual
28/07/25 05:55, 0.012, Actual
28/07/25 06:00, 0.012, Actual
28/07/25 06:05, 0.016, Actual
28/07/25 06:10, 0.016, Actual
28/07/25 06:15, 0.017, Actual
28/07/25 06:20, 0.016, Actual
28/07/25 06:25, 0.071, Actual
28/07/25 06:30, 0.06, Actual
28/07/25 06:35, 0.027, Actual
28/07/25 06:40, 0.032, Actual
28/07/25 06:45, 0.027, Actual
28/07/25 06:50, 0.255, Actual
28/07/25 06:55, 0.326, Actual
28/07/25 07:00, 0.252, Actual
28/07/25 07:05, 0.155, Actual
28/07/25 07:10, 0.498, Actual
28/07/25 07:15, 0.284, Actual
28/07/25 07:20, 0.347, Actual
28/07/25 07:25, 0.237, Actual
28/07/25 07:30, 0.259, Actual
28/07/25 07:35, 0.095, Actual
28/07/25 07:40, 0.203, Actual
28/07/25 07:45, 0.111, Actual
28/07/25 07:50, 0.114, Actual
28/07/25 07:55, 0.161, Actual
28/07/25 08:00, 0.109, Actual
28/07/25 08:05, 0.152, Actual
28/07/25 08:10, 0.043, Actual
28/07/25 08:15, 0.018, Actual
28/07/25 08:20, 0.016, Actual
28/07/25 08:25, 0.007, Actual
28/07/25 08:30, 0.007, Actual
28/07/25 08:35, 0.007, Actual
28/07/25 08:40, 0.007, Actual
28/07/25 08:45, 0.007, Actual
28/07/25 08:50, 0.007, Actual
28/07/25 08:55, 0.008, Actual
28/07/25 09:00, 0.007, Actual
28/07/25 09:05, 0.007, Actual
28/07/25 09:10, 0.007, Actual
28/07/25 09:15, 0.009, Actual
28/07/25 09:20, 0.015, Actual
28/07/25 09:25, 0.016, Actual
28/07/25 09:30, 0.016, Actual
28/07/25 09:35, 0.012, Actual
28/07/25 09:40, 0.166, Actual
28/07/25 09:45, 0.186, Actual
28/07/25 09:50, 0.185, Actual
28/07/25 09:55, 0.145, Actual
28/07/25 10:00, 0.016, Actual
28/07/25 10:05, 0.017, Actual
28/07/25 10:10, 0.018, Actual
28/07/25 10:15, 0.015, Actual
28/07/25 10:20, 0.026, Actual
28/07/25 10:25, 0.021, Actual
28/07/25 10:30, 0.02, Actual
28/07/25 10:35, 0.015, Actual
28/07/25 10:40, 0.013, Actual
28/07/25 10:45, 0.012, Actual
28/07/25 10:50, 0.012, Actual
28/07/25 10:55, 0.013, Actual
28/07/25 11:00, 0.02, Actual
28/07/25 11:05, 0.012, Actual
28/07/25 11:10, 0.012, Actual
28/07/25 11:15, 0.011, Actual
28/07/25 11:20, 0.015, Actual
28/07/25 11:25, 0.02, Actual
28/07/25 11:30, 0.02, Actual
28/07/25 11:35, 0.012, Actual
28/07/25 11:40, 0.014, Actual
28/07/25 11:45, 0.013, Actual
28/07/25 11:50, 0.012, Actual
28/07/25 11:55, 0.013, Actual
28/07/25 12:00, 0.048, Actual
28/07/25 12:05, 0.013, Actual
28/07/25 12:10, 0.012, Actual
28/07/25 12:15, 0.011, Actual
28/07/25 12:20, 0.014, Actual
28/07/25 12:25, 0.019, Actual
28/07/25 12:30, 0.02, Actual
28/07/25 12:35, 0.014, Actual
28/07/25 12:40, 0.01, Actual
28/07/25 12:45, 0.01, Actual
28/07/25 12:50, 0.01, Actual
28/07/25 12:55, 0.01, Actual
28/07/25 13:00, 0.01, Actual
28/07/25 13:05, 0.011, Actual
28/07/25 13:10, 0.035, Actual
28/07/25 13:15, 0.098, Actual
28/07/25 13:20, 0.026, Actual
28/07/25 13:25, 0.031, Actual
28/07/25 13:30, 0.031, Actual
28/07/25 13:35, 0.022, Actual
28/07/25 13:40, 0.021, Actual
28/07/25 13:45, 0.021, Actual
28/07/25 13:50, 0.022, Actual
28/07/25 13:55, 0.021, Actual
28/07/25 14:00, 0.021, Actual
28/07/25 14:05, 0.021, Actual
28/07/25 14:10, 0.021, Actual
28/07/25 14:15, 0.022, Actual
28/07/25 14:20, 0.024, Actual
28/07/25 14:25, 0.03, Actual
28/07/25 14:30, 0.03, Actual
28/07/25 14:35, 0.021, Actual
28/07/25 14:40, 0.02, Actual
28/07/25 14:45, 0.03, Actual
28/07/25 14:50, 0.009, Actual
28/07/25 14:55, 0.009, Actual
28/07/25 15:00, 0.01, Actual
28/07/25 15:05, 0.009, Actual
28/07/25 15:10, 0.01, Actual
28/07/25 15:15, 0.009, Actual
28/07/25 15:20, 0.013, Actual
28/07/25 15:25, 0.018, Actual
28/07/25 15:30, 0.026, Actual
28/07/25 15:35, 0.02, Actual
28/07/25 15:40, 0.02, Actual
28/07/25 15:45, 0.018, Actual
28/07/25 15:50, 0.018, Actual
28/07/25 15:55, 0.019, Actual
28/07/25 16:00, 0.027, Actual
28/07/25 16:05, 0.025, Actual
28/07/25 16:10, 0.026, Actual
28/07/25 16:15, 0.025, Actual
28/07/25 16:20, 0.028, Actual
28/07/25 16:25, 0.044, Actual
28/07/25 16:30, 0.045, Actual
28/07/25 16:35, 0.037, Actual
28/07/25 16:40, 0.038, Actual
28/07/25 16:45, 0.037, Actual
28/07/25 16:50, 0.037, Actual
28/07/25 16:55, 0.043, Actual
28/07/25 17:00, 0.045, Actual
28/07/25 17:05, 0.059, Actual
28/07/25 17:10, 0.307, Actual
28/07/25 17:15, 0.462, Actual
28/07/25 17:20, 0.264, Actual
28/07/25 17:25, 0.23, Actual
28/07/25 17:30, 0.16, Actual
28/07/25 17:35, 0.197, Actual
28/07/25 17:40, 0.162, Actual
28/07/25 17:45, 0.186, Actual
28/07/25 17:50, 0.17, Actual
28/07/25 17:55, 0.284, Actual
28/07/25 18:00, 0.329, Actual
28/07/25 18:05, 0.34, Actual
28/07/25 18:10, 0.285, Actual
28/07/25 18:15, 0.119, Actual
28/07/25 18:20, 0.146, Actual
28/07/25 18:25, 0.091, Actual
28/07/25 18:30, 0.127, Actual
28/07/25 18:35, 0.098, Actual
28/07/25 18:40, 0.126, Actual
28/07/25 18:45, 0.057, Actual
28/07/25 18:50, 0.066, Actual
28/07/25 18:55, 0.263, Actual
28/07/25 19:00, 0.127, Actual
28/07/25 19:05, 0.097, Actual
28/07/25 19:10, 0.041, Actual
28/07/25 19:15, 0.082, Actual
28/07/25 19:20, 0.042, Actual
28/07/25 19:25, 0.08, Actual
28/07/25 19:30, 0.056, Actual
28/07/25 19:35, 0.061, Actual
28/07/25 19:40, 0.11, Actual
28/07/25 19:45, 0.21, Actual
28/07/25 19:50, 0.237, Actual
28/07/25 19:55, 0.172, Actual
28/07/25 20:00, 0.091, Actual
28/07/25 20:05, 0.033, Actual
28/07/25 20:10, 0.084, Actual
28/07/25 20:15, 0.031, Actual
28/07/25 20:20, 0.079, Actual
28/07/25 20:25, 0.042, Actual
28/07/25 20:30, 0.051, Actual
28/07/25 20:35, 0.034, Actual
28/07/25 20:40, 0.033, Actual
28/07/25 20:45, 0.032, Actual
28/07/25 20:50, 0.03, Actual
28/07/25 20:55, 0.03, Actual
28/07/25 21:00, 0.03, Actual
28/07/25 21:05, 0.03, Actual
28/07/25 21:10, 0.03, Actual
28/07/25 21:15, 0.03, Actual
28/07/25 21:20, 0.029, Actual
28/07/25 21:25, 0.024, Actual
28/07/25 21:30, 0.056, Actual
28/07/25 21:35, 0.065, Actual
28/07/25 21:40, 0.039, Actual
28/07/25 21:45, 0.019, Actual
28/07/25 21:50, 0.011, Actual
28/07/25 21:55, 0.012, Actual
28/07/25 22:00, 0.011, Actual
28/07/25 22:05, 0.012, Actual
28/07/25 22:10, 0.011, Actual
28/07/25 22:15, 0.012, Actual
28/07/25 22:20, 0.015, Actual
28/07/25 22:25, 0.017, Actual
28/07/25 22:30, 0.017, Actual
28/07/25 22:35, 0.017, Actual
28/07/25 22:40, 0.017, Actual
28/07/25 22:45, 0.017, Actual
28/07/25 22:50, 0.017, Actual
28/07/25 22:55, 0.016, Actual
28/07/25 23:00, 0.017, Actual
28/07/25 23:05, 0.012, Actual
28/07/25 23:10, 0.012, Actual
28/07/25 23:15, 0.012, Actual
28/07/25 23:20, 0.011, Actual
28/07/25 23:25, 0.012, Actual
28/07/25 23:30, 0.012, Actual
28/07/25 23:35, 0.012, Actual
28/07/25 23:40, 0.011, Actual
28/07/25 23:45, 0.012, Actual
28/07/25 23:50, 0.011, Actual
28/07/25 23:55, 0.012, Actual
29/07/25 00:00, 0.016, Actual
29/07/25 00:05, 0.018, Actual
29/07/25 00:10, 0.017, Actual
29/07/25 00:15, 0.017, Actual
29/07/25 00:20, 0.017, Actual
29/07/25 00:25, 0.017, Actual
29/07/25 00:30, 0.016, Actual
29/07/25 00:35, 0.011, Actual
29/07/25 00:40, 0.012, Actual
29/07/25 00:45, 0.012, Actual
29/07/25 00:50, 0.012, Actual
29/07/25 00:55, 0.012, Actual
29/07/25 01:00, 0.012, Actual
29/07/25 01:05, 0.011, Actual
29/07/25 01:10, 0.012, Actual
29/07/25 01:15, 0.012, Actual
29/07/25 01:20, 0.016, Actual
29/07/25 01:25, 0.018, Actual
29/07/25 01:30, 0.017, Actual
29/07/25 01:35, 0.018, Actual
29/07/25 01:40, 0.015, Actual
29/07/25 01:45, 0.011, Actual
29/07/25 01:50, 0.012, Actual
29/07/25 01:55, 0.012, Actual
29/07/25 02:00, 0.012, Actual
29/07/25 02:05, 0.012, Actual
29/07/25 02:10, 0.013, Actual
29/07/25 02:15, 0.012, Actual
29/07/25 02:20, 0.015, Actual
29/07/25 02:25, 0.019, Actual
29/07/25 02:30, 0.017, Actual
29/07/25 02:35, 0.014, Actual
29/07/25 02:40, 0.012, Actual
29/07/25 02:45, 0.011, Actual
29/07/25 02:50, 0.012, Actual
29/07/25 02:55, 0.012, Actual
29/07/25 03:00, 0.012, Actual
29/07/25 03:05, 0.012, Actual
29/07/25 03:10, 0.012, Actual
29/07/25 03:15, 0.011, Actual
29/07/25 03:20, 0.016, Actual
29/07/25 03:25, 0.018, Actual
29/07/25 03:30, 0.018, Actual
29/07/25 03:35, 0.017, Actual
29/07/25 03:40, 0.013, Actual
29/07/25 03:45, 0.012, Actual
29/07/25 03:50, 0.017, Actual
29/07/25 03:55, 0.015, Actual
29/07/25 04:00, 0.012, Actual
29/07/25 04:05, 0.012, Actual
29/07/25 04:10, 0.012, Actual
29/07/25 04:15, 0.012, Actual
29/07/25 04:20, 0.016, Actual
29/07/25 04:25, 0.018, Actual
29/07/25 04:30, 0.014, Actual
29/07/25 04:35, 0.011, Actual
29/07/25 04:40, 0.012, Actual
29/07/25 04:45, 0.012, Actual
29/07/25 04:50, 0.012, Actual
29/07/25 04:55, 0.012, Actual
29/07/25 05:00, 0.011, Actual
29/07/25 05:05, 0.012, Actual
29/07/25 05:10, 0.012, Actual
29/07/25 05:15, 0.012, Actual
29/07/25 05:20, 0.016, Actual
29/07/25 05:25, 0.018, Actual
29/07/25 05:30, 0.017, Actual
29/07/25 05:35, 0.017, Actual
29/07/25 05:40, 0.017, Actual
29/07/25 05:45, 0.014, Actual
29/07/25 05:50, 0.011, Actual
29/07/25 05:55, 0.012, Actual
29/07/25 06:00, 0.013, Actual
29/07/25 06:05, 0.017, Actual
29/07/25 06:10, 0.039, Actual
29/07/25 06:15, 0.024, Actual
29/07/25 06:20, 0.072, Actual
29/07/25 06:25, 0.05, Actual
29/07/25 06:30, 0.041, Actual
29/07/25 06:35, 0.219, Actual
29/07/25 06:40, 0.222, Actual
29/07/25 06:45, 0.157, Actual
29/07/25 06:50, 0.273, Actual
29/07/25 06:55, 0.308, Actual
29/07/25 07:00, 0.228, Actual
29/07/25 07:05, 0.272, Actual
29/07/25 07:10, 0.322, Actual
29/07/25 07:15, 0.368, Actual
29/07/25 07:20, 0.299, Actual
29/07/25 07:25, 0.266, Actual
29/07/25 07:30, 0.143, Actual
29/07/25 07:35, 0.077, Actual
29/07/25 07:40, 0.023, Actual
29/07/25 07:45, 0.022, Actual
29/07/25 07:50, 0.026, Actual
29/07/25 07:55, 0.028, Actual
29/07/25 08:00, 0.019, Actual
29/07/25 08:05, 0.016, Actual
29/07/25 08:10, 0.015, Actual
29/07/25 08:15, 0.025, Actual
29/07/25 08:20, 0.026, Actual
29/07/25 08:25, 0.013, Actual
29/07/25 08:30, 0.011, Actual
29/07/25 08:35, 0.019, Actual
29/07/25 08:40, 0.012, Actual
29/07/25 08:45, 0.011, Actual
29/07/25 08:50, 0.017, Actual
29/07/25 08:55, 0.009, Actual
29/07/25 09:00, 0.013, Actual
29/07/25 09:05, 0.015, Actual
29/07/25 09:10, 0.015, Actual
29/07/25 09:15, 0.014, Actual
29/07/25 09:20, 0.014, Actual
29/07/25 09:25, 0.014, Actual
29/07/25 09:30, 0.014, Actual
29/07/25 09:35, 0.013, Actual
29/07/25 09:40, 0.009, Actual
29/07/25 09:45, 0.009, Actual
29/07/25 09:50, 0.009, Actual
29/07/25 09:55, 0.009, Actual
29/07/25 10:00, 0.009, Actual
29/07/25 10:05, 0.009, Actual
29/07/25 10:10, 0.009, Actual
29/07/25 10:15, 0.009, Actual
29/07/25 10:20, 0.014, Actual
29/07/25 10:25, 0.015, Actual
29/07/25 10:30, 0.011, Actual
29/07/25 10:35, 0.009, Actual
29/07/25 10:40, 0.009, Actual
29/07/25 10:45, 0.009, Actual
29/07/25 10:50, 0.011, Actual
29/07/25 10:55, 0.012, Actual
29/07/25 11:00, 0.011, Actual
29/07/25 11:05, 0.011, Actual
29/07/25 11:10, 0.011, Actual
29/07/25 11:15, 0.011, Actual
29/07/25 11:20, 0.016, Actual
29/07/25 11:25, 0.017, Actual
29/07/25 11:30, 0.017, Actual
29/07/25 11:35, 0.017, Actual
29/07/25 11:40, 0.016, Actual
29/07/25 11:45, 0.017, Actual
29/07/25 11:50, 0.019, Actual
29/07/25 11:55, 0.072, Actual
29/07/25 12:00, 0.186, Actual
29/07/25 12:05, 0.136, Actual
29/07/25 12:10, 0.016, Actual
29/07/25 12:15, 0.166, Actual
29/07/25 12:20, 0.187, Actual
29/07/25 12:25, 0.043, Actual
29/07/25 12:30, 0.051, Actual
29/07/25 12:35, 0.019, Actual
29/07/25 12:40, 0.023, Actual
29/07/25 12:45, 0.027, Actual
29/07/25 12:50, 0.022, Actual
29/07/25 12:55, 0.021, Actual
29/07/25 13:00, 0.02, Actual
29/07/25 13:05, 0.025, Actual
29/07/25 13:10, 0.034, Actual
29/07/25 13:15, 0.02, Actual
29/07/25 13:20, 0.083, Actual
29/07/25 13:25, 0.192, Actual
29/07/25 13:30, 0.2, Actual
29/07/25 13:35, 0.105, Actual
29/07/25 13:40, 0.021, Actual
29/07/25 13:45, 0.022, Actual
29/07/25 13:50, 0.024, Actual
29/07/25 13:55, 0.021, Actual
29/07/25 14:00, 0.024, Actual
29/07/25 14:05, 0.021, Actual
29/07/25 14:10, 0.032, Actual
29/07/25 14:15, 0.191, Actual
29/07/25 14:20, 0.217, Actual
29/07/25 14:25, 0.213, Actual
29/07/25 14:30, 0.289, Actual
29/07/25 14:35, 0.377, Actual
29/07/25 14:40, 0.242, Actual
29/07/25 14:45, 0.192, Actual
29/07/25 14:50, 0.149, Actual
29/07/25 14:55, 0.147, Actual
29/07/25 15:00, 0.133, Actual
29/07/25 15:05, 0.137, Actual
29/07/25 15:10, 0.143, Actual
29/07/25 15:15, 0.122, Actual
29/07/25 15:20, 0.13, Actual
29/07/25 15:25, 0.136, Actual
29/07/25 15:30, 0.126, Actual
29/07/25 15:35, 0.129, Actual
29/07/25 15:40, 0.129, Actual
29/07/25 15:45, 0.132, Actual
29/07/25 15:50, 0.131, Actual
29/07/25 15:55, 0.061, Actual
29/07/25 16:00, 0.038, Actual
29/07/25 16:05, 0.036, Actual
29/07/25 16:10, 0.033, Actual
29/07/25 16:15, 0.035, Actual
29/07/25 16:20, 0.034, Actual
29/07/25 16:25, 0.025, Actual
29/07/25 16:30, 0.02, Actual
29/07/25 16:35, 0.019, Actual
29/07/25 16:40, 0.02, Actual
29/07/25 16:45, 0.019, Actual
29/07/25 16:50, 0.019, Actual
29/07/25 16:55, 0.019, Actual
29/07/25 17:00, 0.019, Actual
29/07/25 17:05, 0.023, Actual
29/07/25 17:10, 0.022, Actual
29/07/25 17:15, 0.022, Actual
29/07/25 17:20, 0.022, Actual
29/07/25 17:25, 0.021, Actual
29/07/25 17:30, 0.021, Actual
29/07/25 17:35, 0.093, Actual
29/07/25 17:40, 0.067, Actual
29/07/25 17:45, 0.061, Actual
29/07/25 17:50, 0.055, Actual
29/07/25 17:55, 0.025, Actual
29/07/25 18:00, 0.07, Actual
29/07/25 18:05, 0.019, Actual
29/07/25 18:10, 0.225, Actual
29/07/25 18:15, 0.252, Actual
29/07/25 18:20, 0.244, Actual
29/07/25 18:25, 0.129, Actual
29/07/25 18:30, 0.215, Actual
29/07/25 18:35, 0.206, Actual
29/07/25 18:40, 0.183, Actual
29/07/25 18:45, 0.238, Actual
29/07/25 18:50, 0.269, Actual
29/07/25 18:55, 0.137, Actual
29/07/25 19:00, 0.062, Actual
29/07/25 19:05, 0.069, Actual
29/07/25 19:10, 0.042, Actual
29/07/25 19:15, 0.057, Actual
29/07/25 19:20, 0.03, Actual
29/07/25 19:25, 0.064, Actual
29/07/25 19:30, 0.04, Actual
29/07/25 19:35, 0.053, Actual
29/07/25 19:40, 0.215, Actual
29/07/25 19:45, 0.225, Actual
29/07/25 19:50, 0.069, Actual
29/07/25 19:55, 0.047, Actual
29/07/25 20:00, 0.044, Actual
29/07/25 20:05, 0.146, Actual
29/07/25 20:10, 0.04, Actual
29/07/25 20:15, 0.046, Actual
29/07/25 20:20, 0.044, Actual
29/07/25 20:25, 0.041, Actual
29/07/25 20:30, 0.037, Actual
29/07/25 20:35, 0.028, Actual
29/07/25 20:40, 0.175, Actual
29/07/25 20:45, 0.189, Actual
29/07/25 20:50, 0.198, Actual
29/07/25 20:55, 0.068, Actual
29/07/25 21:00, 0.032, Actual
29/07/25 21:05, 0.033, Actual
29/07/25 21:10, 0.032, Actual
29/07/25 21:15, 0.032, Actual
29/07/25 21:20, 0.033, Actual
29/07/25 21:25, 0.032, Actual
29/07/25 21:30, 0.066, Actual
29/07/25 21:35, 0.068, Actual
29/07/25 21:40, 0.059, Actual
29/07/25 21:45, 0.047, Actual
29/07/25 21:50, 0.025, Actual
29/07/25 21:55, 0.028, Actual
29/07/25 22:00, 0.017, Actual
29/07/25 22:05, 0.017, Actual
29/07/25 22:10, 0.016, Actual
29/07/25 22:15, 0.016, Actual
29/07/25 22:20, 0.016, Actual
29/07/25 22:25, 0.016, Actual
29/07/25 22:30, 0.016, Actual
29/07/25 22:35, 0.016, Actual
29/07/25 22:40, 0.015, Actual
29/07/25 22:45, 0.015, Actual
29/07/25 22:50, 0.029, Actual
29/07/25 22:55, 0.029, Actual
29/07/25 23:00, 0.029, Actual
29/07/25 23:05, 0.029, Actual
29/07/25 23:10, 0.021, Actual
29/07/25 23:15, 0.017, Actual
29/07/25 23:20, 0.018, Actual
29/07/25 23:25, 0.019, Actual
29/07/25 23:30, 0.018, Actual
29/07/25 23:35, 0.018, Actual
29/07/25 23:40, 0.018, Actual
29/07/25 23:45, 0.018, Actual
29/07/25 23:50, 0.017, Actual
29/07/25 23:55, 0.017, Actual
30/07/25 00:00, 0.018, Actual
30/07/25 00:05, 0.017, Actual
30/07/25 00:10, 0.017, Actual
30/07/25 00:15, 0.017, Actual
30/07/25 00:20, 0.017, Actual
30/07/25 00:25, 0.017, Actual
30/07/25 00:30, 0.017, Actual
30/07/25 00:35, 0.018, Actual
30/07/25 00:40, 0.017, Actual
30/07/25 00:45, 0.016, Actual
30/07/25 00:50, 0.017, Actual
30/07/25 00:55, 0.017, Actual
30/07/25 01:00, 0.017, Actual
30/07/25 01:05, 0.017, Actual
30/07/25 01:10, 0.018, Actual
30/07/25 01:15, 0.017, Actual
30/07/25 01:20, 0.017, Actual
30/07/25 01:25, 0.016, Actual
30/07/25 01:30, 0.013, Actual
30/07/25 01:35, 0.012, Actual
30/07/25 01:40, 0.012, Actual
30/07/25 01:45, 0.012, Actual
30/07/25 01:50, 0.012, Actual
30/07/25 01:55, 0.012, Actual
30/07/25 02:00, 0.012, Actual
30/07/25 02:05, 0.012, Actual
30/07/25 02:10, 0.012, Actual
30/07/25 02:15, 0.012, Actual
30/07/25 02:20, 0.018, Actual
30/07/25 02:25, 0.017, Actual
30/07/25 02:30, 0.018, Actual
30/07/25 02:35, 0.017, Actual
30/07/25 02:40, 0.017, Actual
30/07/25 02:45, 0.017, Actual
30/07/25 02:50, 0.018, Actual
30/07/25 02:55, 0.022, Actual
30/07/25 03:00, 0.02, Actual
30/07/25 03:05, 0.015, Actual
30/07/25 03:10, 0.012, Actual
30/07/25 03:15, 0.012, Actual
30/07/25 03:20, 0.012, Actual
30/07/25 03:25, 0.012, Actual
30/07/25 03:30, 0.012, Actual
30/07/25 03:35, 0.012, Actual
30/07/25 03:40, 0.012, Actual
30/07/25 03:45, 0.012, Actual
30/07/25 03:50, 0.013, Actual
30/07/25 03:55, 0.012, Actual
30/07/25 04:00, 0.018, Actual
30/07/25 04:05, 0.018, Actual
30/07/25 04:10, 0.013, Actual
30/07/25 04:15, 0.013, Actual
30/07/25 04:20, 0.013, Actual
30/07/25 04:25, 0.012, Actual
30/07/25 04:30, 0.013, Actual
30/07/25 04:35, 0.013, Actual
30/07/25 04:40, 0.012, Actual
30/07/25 04:45, 0.013, Actual
30/07/25 04:50, 0.012, Actual
30/07/25 04:55, 0.013, Actual
30/07/25 05:00, 0.018, Actual
30/07/25 05:05, 0.018, Actual
30/07/25 05:10, 0.018, Actual
30/07/25 05:15, 0.018, Actual
30/07/25 05:20, 0.017, Actual
30/07/25 05:25, 0.018, Actual
30/07/25 05:30, 0.018, Actual
30/07/25 05:35, 0.017, Actual
30/07/25 05:40, 0.017, Actual
30/07/25 05:45, 0.014, Actual
30/07/25 05:50, 0.012, Actual
30/07/25 05:55, 0.012, Actual
30/07/25 06:00, 0.014, Actual
30/07/25 06:05, 0.016, Actual
30/07/25 06:10, 0.018, Actual
30/07/25 06:15, 0.016, Actual
30/07/25 06:20, 0.065, Actual
30/07/25 06:25, 0.044, Actual
30/07/25 06:30, 0.038, Actual
30/07/25 06:35, 0.152, Actual
30/07/25 06:40, 0.256, Actual
30/07/25 06:45, 0.156, Actual
30/07/25 06:50, 0.207, Actual
30/07/25 06:55, 0.291, Actual
30/07/25 07:00, 0.379, Actual
30/07/25 07:05, 0.121, Actual
30/07/25 07:10, 0.303, Actual
30/07/25 07:15, 0.32, Actual
30/07/25 07:20, 0.078, Actual
30/07/25 07:25, 0.073, Actual
30/07/25 07:30, 0.168, Actual
30/07/25 07:35, 0.037, Actual
30/07/25 07:40, 0.028, Actual
30/07/25 07:45, 0.042, Actual
30/07/25 07:50, 0.023, Actual
30/07/25 07:55, 0.026, Actual
30/07/25 08:00, 0.019, Actual
30/07/25 08:05, 0.026, Actual
30/07/25 08:10, 0.019, Actual
30/07/25 08:15, 0.026, Actual
30/07/25 08:20, 0.009, Actual
30/07/25 08:25, 0.007, Actual
30/07/25 08:30, 0.007, Actual
30/07/25 08:35, 0.007, Actual
30/07/25 08:40, 0.007, Actual
30/07/25 08:45, 0.007, Actual
30/07/25 08:50, 0.007, Actual
30/07/25 08:55, 0.007, Actual
30/07/25 09:00, 0.013, Actual
30/07/25 09:05, 0.012, Actual
30/07/25 09:10, 0.013, Actual
30/07/25 09:15, 0.012, Actual
30/07/25 09:20, 0.012, Actual
30/07/25 09:25, 0.012, Actual
30/07/25 09:30, 0.012, Actual
30/07/25 09:35, 0.012, Actual
30/07/25 09:40, 0.007, Actual
30/07/25 09:45, 0.009, Actual
30/07/25 09:50, 0.009, Actual
30/07/25 09:55, 0.009, Actual
30/07/25 10:00, 0.01, Actual
30/07/25 10:05, 0.009, Actual
30/07/25 10:10, 0.009, Actual
30/07/25 10:15, 0.01, Actual
30/07/25 10:20, 0.015, Actual
30/07/25 10:25, 0.015, Actual
30/07/25 10:30, 0.014, Actual
30/07/25 10:35, 0.015, Actual
30/07/25 10:40, 0.014, Actual
30/07/25 10:45, 0.015, Actual
30/07/25 10:50, 0.013, Actual
30/07/25 10:55, 0.009, Actual
30/07/25 11:00, 0.009, Actual
30/07/25 11:05, 0.01, Actual
30/07/25 11:10, 0.01, Actual
30/07/25 11:15, 0.009, Actual
30/07/25 11:20, 0.01, Actual
30/07/25 11:25, 0.01, Actual
30/07/25 11:30, 0.011, Actual
30/07/25 11:35, 0.01, Actual
30/07/25 11:40, 0.02, Actual
30/07/25 11:45, 0.019, Actual
30/07/25 11:50, 0.019, Actual
30/07/25 11:55, 0.124, Actual
30/07/25 12:00, 0.189, Actual
30/07/25 12:05, 0.041, Actual
30/07/25 12:10, 0.019, Actual
30/07/25 12:15, 0.174, Actual
30/07/25 12:20, 0.192, Actual
30/07/25 12:25, 0.049, Actual
30/07/25 12:30, 0.018, Actual
30/07/25 12:35, 0.019, Actual
30/07/25 12:40, 0.021, Actual
30/07/25 12:45, 0.016, Actual
30/07/25 12:50, 0.014, Actual
30/07/25 12:55, 0.02, Actual
30/07/25 13:00, 0.01, Actual
30/07/25 13:05, 0.01, Actual
30/07/25 13:10, 0.01, Actual
30/07/25 13:15, 0.172, Actual
30/07/25 13:20, 0.185, Actual
30/07/25 13:25, 0.173, Actual
30/07/25 13:30, 0.015, Actual
30/07/25 13:35, 0.014, Actual
30/07/25 13:40, 0.021, Actual
30/07/25 13:45, 0.022, Actual
30/07/25 13:50, 0.02, Actual
30/07/25 13:55, 0.022, Actual
30/07/25 14:00, 0.027, Actual
30/07/25 14:05, 0.035, Actual
30/07/25 14:10, 0.083, Actual
30/07/25 14:15, 0.039, Actual
30/07/25 14:20, 0.019, Actual
30/07/25 14:25, 0.023, Actual
30/07/25 14:30, 0.027, Actual
30/07/25 14:35, 0.017, Actual
30/07/25 14:40, 0.017, Actual
30/07/25 14:45, 0.017, Actual
30/07/25 14:50, 0.016, Actual
30/07/25 14:55, 0.017, Actual
30/07/25 15:00, 0.013, Actual
30/07/25 15:05, 0.012, Actual
30/07/25 15:10, 0.021, Actual
30/07/25 15:15, 0.028, Actual
30/07/25 15:20, 0.028, Actual
30/07/25 15:25, 0.027, Actual
30/07/25 15:30, 0.026, Actual
30/07/25 15:35, 0.033, Actual
30/07/25 15:40, 0.035, Actual
30/07/25 15:45, 0.034, Actual
30/07/25 15:50, 0.034, Actual
30/07/25 15:55, 0.034, Actual
30/07/25 16:00, 0.041, Actual
30/07/25 16:05, 0.051, Actual
30/07/25 16:10, 0.05, Actual
30/07/25 16:15, 0.05, Actual
30/07/25 16:20, 0.049, Actual
30/07/25 16:25, 0.051, Actual
30/07/25 16:30, 0.214, Actual
30/07/25 16:35, 0.313, Actual
30/07/25 16:40, 0.18, Actual
30/07/25 16:45, 0.166, Actual
30/07/25 16:50, 0.15, Actual
30/07/25 16:55, 0.14, Actual
30/07/25 17:00, 0.146, Actual
30/07/25 17:05, 0.141, Actual
30/07/25 17:10, 0.142, Actual
30/07/25 17:15, 0.151, Actual
30/07/25 17:20, 0.155, Actual
30/07/25 17:25, 0.153, Actual
30/07/25 17:30, 0.192, Actual
30/07/25 17:35, 0.32, Actual
30/07/25 17:40, 0.287, Actual
30/07/25 17:45, 0.293, Actual
30/07/25 17:50, 0.289, Actual
30/07/25 17:55, 0.069, Actual
30/07/25 18:00, 0.055, Actual
30/07/25 18:05, 0.049, Actual
30/07/25 18:10, 0.045, Actual
30/07/25 18:15, 0.026, Actual
30/07/25 18:20, 0.04, Actual
30/07/25 18:25, 0.035, Actual
30/07/25 18:30, 0.12, Actual
30/07/25 18:35, 0.206, Actual
30/07/25 18:40, 0.068, Actual
30/07/25 18:45, 0.036, Actual
30/07/25 18:50, 0.043, Actual
30/07/25 18:55, 0.107, Actual
30/07/25 19:00, 0.107, Actual
30/07/25 19:05, 0.115, Actual
30/07/25 19:10, 0.087, Actual
30/07/25 19:15, 0.049, Actual
30/07/25 19:20, 0.034, Actual
30/07/25 19:25, 0.068, Actual
30/07/25 19:30, 0.051, Actual
30/07/25 19:35, 0.054, Actual
30/07/25 19:40, 0.14, Actual
30/07/25 19:45, 0.218, Actual
30/07/25 19:50, 0.217, Actual
30/07/25 19:55, 0.098, Actual
30/07/25 20:00, 0.037, Actual
30/07/25 20:05, 0.042, Actual
30/07/25 20:10, 0.044, Actual
30/07/25 20:15, 0.05, Actual
30/07/25 20:20, 0.049, Actual
30/07/25 20:25, 0.042, Actual
30/07/25 20:30, 0.036, Actual
30/07/25 20:35, 0.027, Actual
30/07/25 20:40, 0.027, Actual
30/07/25 20:45, 0.027, Actual
30/07/25 20:50, 0.027, Actual
30/07/25 20:55, 0.026, Actual
30/07/25 21:00, 0.03, Actual
30/07/25 21:05, 0.038, Actual
30/07/25 21:10, 0.037, Actual
30/07/25 21:15, 0.037, Actual
30/07/25 21:20, 0.035, Actual
30/07/25 21:25, 0.034, Actual
30/07/25 21:30, 0.071, Actual
30/07/25 21:35, 0.076, Actual
30/07/25 21:40, 0.068, Actual
30/07/25 21:45, 0.061, Actual
30/07/25 21:50, 0.026, Actual
30/07/25 21:55, 0.024, Actual
30/07/25 22:00, 0.014, Actual
30/07/25 22:05, 0.015, Actual
30/07/25 22:10, 0.02, Actual
30/07/25 22:15, 0.012, Actual
30/07/25 22:20, 0.012, Actual
30/07/25 22:25, 0.012, Actual
30/07/25 22:30, 0.012, Actual
30/07/25 22:35, 0.012, Actual
30/07/25 22:40, 0.018, Actual
30/07/25 22:45, 0.018, Actual
30/07/25 22:50, 0.017, Actual
30/07/25 22:55, 0.017, Actual
30/07/25 23:00, 0.017, Actual
30/07/25 23:05, 0.017, Actual
30/07/25 23:10, 0.016, Actual
30/07/25 23:15, 0.017, Actual
30/07/25 23:20, 0.014, Actual
30/07/25 23:25, 0.012, Actual
30/07/25 23:30, 0.012, Actual
30/07/25 23:35, 0.012, Actual
30/07/25 23:40, 0.012, Actual
30/07/25 23:45, 0.012, Actual
30/07/25 23:50, 0.012, Actual
30/07/25 23:55, 0.012, Actual
31/07/25 00:00, 0.012, Actual
31/07/25 00:05, 0.012, Actual
31/07/25 00:10, 0.013, Actual
31/07/25 00:15, 0.012, Actual
31/07/25 00:20, 0.018, Actual
31/07/25 00:25, 0.018, Actual
31/07/25 00:30, 0.018, Actual
31/07/25 00:35, 0.017, Actual
31/07/25 00:40, 0.017, Actual
31/07/25 00:45, 0.017, Actual
31/07/25 00:50, 0.018, Actual
31/07/25 00:55, 0.015, Actual
31/07/25 01:00, 0.013, Actual
31/07/25 01:05, 0.012, Actual
31/07/25 01:10, 0.012, Actual
31/07/25 01:15, 0.012, Actual
31/07/25 01:20, 0.012, Actual
31/07/25 01:25, 0.012, Actual
31/07/25 01:30, 0.013, Actual
31/07/25 01:35, 0.012, Actual
31/07/25 01:40, 0.019, Actual
31/07/25 01:45, 0.018, Actual
31/07/25 01:50, 0.017, Actual
31/07/25 01:55, 0.018, Actual
31/07/25 02:00, 0.014, Actual
31/07/25 02:05, 0.012, Actual
31/07/25 02:10, 0.013, Actual
31/07/25 02:15, 0.012, Actual
31/07/25 02:20, 0.012, Actual
31/07/25 02:25, 0.012, Actual
31/07/25 02:30, 0.012, Actual
31/07/25 02:35, 0.013, Actual
31/07/25 02:40, 0.012, Actual
31/07/25 02:45, 0.021, Actual
31/07/25 02:50, 0.013, Actual
31/07/25 02:55, 0.012, Actual
31/07/25 03:00, 0.019, Actual
31/07/25 03:05, 0.018, Actual
31/07/25 03:10, 0.017, Actual
31/07/25 03:15, 0.018, Actual
31/07/25 03:20, 0.017, Actual
31/07/25 03:25, 0.018, Actual
31/07/25 03:30, 0.012, Actual
31/07/25 03:35, 0.012, Actual
31/07/25 03:40, 0.013, Actual
31/07/25 03:45, 0.012, Actual
31/07/25 03:50, 0.012, Actual
31/07/25 03:55, 0.013, Actual
31/07/25 04:00, 0.012, Actual
31/07/25 04:05, 0.012, Actual
31/07/25 04:10, 0.013, Actual
31/07/25 04:15, 0.012, Actual
31/07/25 04:20, 0.019, Actual
31/07/25 04:25, 0.018, Actual
31/07/25 04:30, 0.018, Actual
31/07/25 04:35, 0.017, Actual
31/07/25 04:40, 0.014, Actual
31/07/25 04:45, 0.013, Actual
31/07/25 04:50, 0.013, Actual
31/07/25 04:55, 0.012, Actual
31/07/25 05:00, 0.012, Actual
31/07/25 05:05, 0.013, Actual
31/07/25 05:10, 0.012, Actual
31/07/25 05:15, 0.013, Actual
31/07/25 05:20, 0.012, Actual
31/07/25 05:25, 0.013, Actual
31/07/25 05:30, 0.012, Actual
31/07/25 05:35, 0.013, Actual
31/07/25 05:40, 0.019, Actual
31/07/25 05:45, 0.018, Actual
31/07/25 05:50, 0.018, Actual
31/07/25 05:55, 0.017, Actual
31/07/25 06:00, 0.018, Actual
31/07/25 06:05, 0.022, Actual
31/07/25 06:10, 0.021, Actual
31/07/25 06:15, 0.023, Actual
31/07/25 06:20, 0.038, Actual
31/07/25 06:25, 0.076, Actual
31/07/25 06:30, 0.253, Actual
31/07/25 06:35, 0.175, Actual
31/07/25 06:40, 0.158, Actual
31/07/25 06:45, 0.21, Actual
31/07/25 06:50, 0.325, Actual
31/07/25 06:55, 0.383, Actual
31/07/25 07:00, 0.317, Actual
31/07/25 07:05, 0.219, Actual
31/07/25 07:10, 0.312, Actual
31/07/25 07:15, 0.337, Actual
31/07/25 07:20, 0.227, Actual
31/07/25 07:25, 0.332, Actual
31/07/25 07:30, 0.131, Actual
31/07/25 07:35, 0.081, Actual
31/07/25 07:40, 0.027, Actual
31/07/25 07:45, 0.032, Actual
31/07/25 07:50, 0.039, Actual
31/07/25 07:55, 0.021, Actual
31/07/25 08:00, 0.017, Actual
31/07/25 08:05, 0.016, Actual
31/07/25 08:10, 0.024, Actual
31/07/25 08:15, 0.015, Actual
31/07/25 08:20, 0.013, Actual
31/07/25 08:25, 0.012, Actual
31/07/25 08:30, 0.008, Actual
31/07/25 08:35, 0.008, Actual
31/07/25 08:40, 0.007, Actual
31/07/25 08:45, 0.007, Actual
31/07/25 08:50, 0.007, Actual
31/07/25 08:55, 0.008, Actual
31/07/25 09:00, 0.007, Actual
31/07/25 09:05, 0.007, Actual
31/07/25 09:10, 0.007, Actual
31/07/25 09:15, 0.007, Actual
31/07/25 09:20, 0.014, Actual
31/07/25 09:25, 0.013, Actual
31/07/25 09:30, 0.013, Actual
31/07/25 09:35, 0.013, Actual
31/07/25 09:40, 0.022, Actual
31/07/25 09:45, 0.012, Actual
31/07/25 09:50, 0.012, Actual
31/07/25 09:55, 0.013, Actual
31/07/25 10:00, 0.01, Actual
31/07/25 10:05, 0.007, Actual
31/07/25 10:10, 0.007, Actual
31/07/25 10:15, 0.008, Actual
31/07/25 10:20, 0.007, Actual
31/07/25 10:25, 0.01, Actual
31/07/25 10:30, 0.009, Actual
31/07/25 10:35, 0.009, Actual
31/07/25 10:40, 0.01, Actual
31/07/25 10:45, 0.009, Actual
31/07/25 10:50, 0.009, Actual
31/07/25 10:55, 0.01, Actual
31/07/25 11:00, 0.016, Actual
31/07/25 11:05, 0.015, Actual
31/07/25 11:10, 0.014, Actual
31/07/25 11:15, 0.016, Actual
31/07/25 11:20, 0.018, Actual
31/07/25 11:25, 0.017, Actual
31/07/25 11:30, 0.027, Actual
31/07/25 11:35, 0.024, Actual
31/07/25 11:40, 0.024, Actual
31/07/25 11:45, 0.025, Actual
31/07/25 11:50, 0.025, Actual
31/07/25 11:55, 0.025, Actual
31/07/25 12:00, 0.024, Actual
31/07/25 12:05, 0.025, Actual
31/07/25 12:10, 0.158, Actual
31/07/25 12:15, 0.199, Actual
31/07/25 12:20, 0.207, Actual
31/07/25 12:25, 0.192, Actual
31/07/25 12:30, 0.036, Actual
31/07/25 12:35, 0.058, Actual
31/07/25 12:40, 0.038, Actual
31/07/25 12:45, 0.04, Actual
31/07/25 12:50, 0.041, Actual
31/07/25 12:55, 0.036, Actual
31/07/25 13:00, 0.032, Actual
31/07/25 13:05, 0.033, Actual
31/07/25 13:10, 0.03, Actual
31/07/25 13:15, 0.019, Actual
31/07/25 13:20, 0.02, Actual
31/07/25 13:25, 0.025, Actual
31/07/25 13:30, 0.023, Actual
31/07/25 13:35, 0.022, Actual
31/07/25 13:40, 0.047, Actual
31/07/25 13:45, 0.024, Actual
31/07/25 13:50, 0.023, Actual
31/07/25 13:55, 0.023, Actual
31/07/25 14:00, 0.064, Actual
31/07/25 14:05, 0.083, Actual
31/07/25 14:10, 0.02, Actual
31/07/25 14:15, 0.021, Actual
31/07/25 14:20, 0.028, Actual
31/07/25 14:25, 0.026, Actual
31/07/25 14:30, 0.026, Actual
31/07/25 14:35, 0.026, Actual
31/07/25 14:40, 0.026, Actual
31/07/25 14:45, 0.025, Actual
31/07/25 14:50, 0.026, Actual
31/07/25 14:55, 0.023, Actual
31/07/25 15:00, 0.015, Actual
31/07/25 15:05, 0.014, Actual
31/07/25 15:10, 0.014, Actual
31/07/25 15:15, 0.016, Actual
31/07/25 15:20, 0.02, Actual
31/07/25 15:25, 0.013, Actual
31/07/25 15:30, 0.01, Actual
31/07/25 15:35, 0.018, Actual
31/07/25 15:40, 0.025, Actual
31/07/25 15:45, 0.02, Actual
31/07/25 15:50, 0.021, Actual
31/07/25 15:55, 0.021, Actual
31/07/25 16:00, 0.03, Actual
31/07/25 16:05, 0.041, Actual
31/07/25 16:10, 0.043, Actual
31/07/25 16:15, 0.046, Actual
31/07/25 16:20, 0.043, Actual
31/07/25 16:25, 0.044, Actual
31/07/25 16:30, 0.262, Actual
31/07/25 16:35, 0.364, Actual
31/07/25 16:40, 0.194, Actual
31/07/25 16:45, 0.201, Actual
31/07/25 16:50, 0.173, Actual
31/07/25 16:55, 0.219, Actual
31/07/25 17:00, 0.189, Actual
31/07/25 17:05, 0.167, Actual
31/07/25 17:10, 0.151, Actual
31/07/25 17:15, 0.176, Actual
31/07/25 17:20, 0.121, Actual
31/07/25 17:25, 0.125, Actual
31/07/25 17:30, 0.142, Actual
31/07/25 17:35, 0.143, Actual
31/07/25 17:40, 0.242, Actual
31/07/25 17:45, 0.21, Actual
31/07/25 17:50, 0.209, Actual
31/07/25 17:55, 0.134, Actual
31/07/25 18:00, 0.128, Actual
31/07/25 18:05, 0.106, Actual
31/07/25 18:10, 0.109, Actual
31/07/25 18:15, 0.108, Actual
31/07/25 18:20, 0.151, Actual
31/07/25 18:25, 0.207, Actual
31/07/25 18:30, 0.21, Actual
31/07/25 18:35, 0.184, Actual
31/07/25 18:40, 0.13, Actual
31/07/25 18:45, 0.135, Actual
31/07/25 18:50, 0.086, Actual
31/07/25 18:55, 0.051, Actual
31/07/25 19:00, 0.042, Actual
31/07/25 19:05, 0.038, Actual
31/07/25 19:10, 0.039, Actual
31/07/25 19:15, 0.075, Actual
31/07/25 19:20, 0.177, Actual
31/07/25 19:25, 0.199, Actual
31/07/25 19:30, 0.039, Actual
31/07/25 19:35, 0.073, Actual
31/07/25 19:40, 0.042, Actual
31/07/25 19:45, 0.047, Actual
31/07/25 19:50, 0.085, Actual
31/07/25 19:55, 0.045, Actual
31/07/25 20:00, 0.036, Actual
31/07/25 20:05, 0.077, Actual
31/07/25 20:10, 0.125, Actual
31/07/25 20:15, 0.235, Actual
31/07/25 20:20, 0.207, Actual
31/07/25 20:25, 0.207, Actual
31/07/25 20:30, 0.047, Actual
31/07/25 20:35, 0.039, Actual
31/07/25 20:40, 0.039, Actual
31/07/25 20:45, 0.036, Actual
31/07/25 20:50, 0.031, Actual
31/07/25 20:55, 0.03, Actual
31/07/25 21:00, 0.031, Actual
31/07/25 21:05, 0.031, Actual
31/07/25 21:10, 0.031, Actual
31/07/25 21:15, 0.03, Actual
31/07/25 21:20, 0.031, Actual
31/07/25 21:25, 0.025, Actual
31/07/25 21:30, 0.029, Actual
31/07/25 21:35, 0.017, Actual
31/07/25 21:40, 0.022, Actual
31/07/25 21:45, 0.018, Actual
31/07/25 21:50, 0.016, Actual
31/07/25 21:55, 0.017, Actual
31/07/25 22:00, 0.016, Actual
31/07/25 22:05, 0.017, Actual
31/07/25 22:10, 0.016, Actual
31/07/25 22:15, 0.017, Actual
31/07/25 22:20, 0.016, Actual
31/07/25 22:25, 0.017, Actual
31/07/25 22:30, 0.013, Actual
31/07/25 22:35, 0.012, Actual
31/07/25 22:40, 0.012, Actual
31/07/25 22:45, 0.012, Actual
31/07/25 22:50, 0.012, Actual
31/07/25 22:55, 0.011, Actual
31/07/25 23:00, 0.012, Actual
31/07/25 23:05, 0.012, Actual
31/07/25 23:10, 0.012, Actual
31/07/25 23:15, 0.012, Actual
31/07/25 23:20, 0.02, Actual
31/07/25 23:25, 0.017, Actual
31/07/25 23:30, 0.017, Actual
31/07/25 23:35, 0.017, Actual
31/07/25 23:40, 0.017, Actual
31/07/25 23:45, 0.017, Actual
31/07/25 23:50, 0.016, Actual
31/07/25 23:55, 0.012, Actual
01/08/25 00:00, 0.012, Actual
01/08/25 00:05, 0.012, Actual
01/08/25 00:10, 0.012, Actual
01/08/25 00:15, 0.012, Actual
01/08/25 00:20, 0.012, Actual
01/08/25 00:25, 0.013, Actual
01/08/25 00:30, 0.013, Actual
01/08/25 00:35, 0.02, Actual
01/08/25 00:40, 0.019, Actual
01/08/25 00:45, 0.017, Actual
01/08/25 00:50, 0.018, Actual
01/08/25 00:55, 0.016, Actual
01/08/25 01:00, 0.017, Actual
01/08/25 01:05, 0.012, Actual
01/08/25 01:10, 0.012, Actual
01/08/25 01:15, 0.012, Actual
01/08/25 01:20, 0.012, Actual
01/08/25 01:25, 0.012, Actual
01/08/25 01:30, 0.012, Actual
01/08/25 01:35, 0.012, Actual
01/08/25 01:40, 0.012, Actual
01/08/25 01:45, 0.012, Actual
01/08/25 01:50, 0.012, Actual
01/08/25 01:55, 0.012, Actual
01/08/25 02:00, 0.02, Actual
01/08/25 02:05, 0.017, Actual
01/08/25 02:10, 0.017, Actual
01/08/25 02:15, 0.017, Actual
01/08/25 02:20, 0.017, Actual
01/08/25 02:25, 0.016, Actual
01/08/25 02:30, 0.013, Actual
01/08/25 02:35, 0.012, Actual
01/08/25 02:40, 0.012, Actual
01/08/25 02:45, 0.013, Actual
01/08/25 02:50, 0.012, Actual
01/08/25 02:55, 0.012, Actual
01/08/25 03:00, 0.012, Actual
01/08/25 03:05, 0.013, Actual
01/08/25 03:10, 0.012, Actual
01/08/25 03:15, 0.013, Actual
01/08/25 03:20, 0.02, Actual
01/08/25 03:25, 0.018, Actual
01/08/25 03:30, 0.017, Actual
01/08/25 03:35, 0.016, Actual
01/08/25 03:40, 0.012, Actual
01/08/25 03:45, 0.012, Actual
01/08/25 03:50, 0.013, Actual
01/08/25 03:55, 0.012, Actual
01/08/25 04:00, 0.013, Actual
01/08/25 04:05, 0.012, Actual
01/08/25 04:10, 0.013, Actual
01/08/25 04:15, 0.013, Actual
01/08/25 04:20, 0.019, Actual
01/08/25 04:25, 0.018, Actual
01/08/25 04:30, 0.016, Actual
01/08/25 04:35, 0.013, Actual
01/08/25 04:40, 0.012, Actual
01/08/25 04:45, 0.012, Actual
01/08/25 04:50, 0.013, Actual
01/08/25 04:55, 0.012, Actual
01/08/25 05:00, 0.012, Actual
01/08/25 05:05, 0.013, Actual
01/08/25 05:10, 0.012, Actual
01/08/25 05:15, 0.013, Actual
01/08/25 05:20, 0.02, Actual
01/08/25 05:25, 0.018, Actual
01/08/25 05:30, 0.017, Actual
01/08/25 05:35, 0.014, Actual
01/08/25 05:40, 0.012, Actual
01/08/25 05:45, 0.013, Actual
01/08/25 05:50, 0.02, Actual
01/08/25 05:55, 0.018, Actual
01/08/25 06:00, 0.022, Actual
01/08/25 06:05, 0.02, Actual
01/08/25 06:10, 0.041, Actual
01/08/25 06:15, 0.063, Actual
01/08/25 06:20, 0.04, Actual
01/08/25 06:25, 0.046, Actual
01/08/25 06:30, 0.068, Actual
01/08/25 06:35, 0.146, Actual
01/08/25 06:40, 0.241, Actual
01/08/25 06:45, 0.178, Actual
01/08/25 06:50, 0.239, Actual
01/08/25 06:55, 0.237, Actual
01/08/25 07:00, 0.185, Actual
01/08/25 07:05, 0.336, Actual
01/08/25 07:10, 0.359, Actual
01/08/25 07:15, 0.262, Actual
01/08/25 07:20, 0.199, Actual
01/08/25 07:25, 0.149, Actual
01/08/25 07:30, 0.251, Actual
01/08/25 07:35, 0.148, Actual
01/08/25 07:40, 0.092, Actual
01/08/25 07:45, 0.107, Actual
01/08/25 07:50, 0.09, Actual
01/08/25 07:55, 0.099, Actual
01/08/25 08:00, 0.05, Actual
01/08/25 08:05, 0.025, Actual
01/08/25 08:10, 0.021, Actual
01/08/25 08:15, 0.028, Actual
01/08/25 08:20, 0.019, Actual
01/08/25 08:25, 0.017, Actual
01/08/25 08:30, 0.017, Actual
01/08/25 08:35, 0.017, Actual
01/08/25 08:40, 0.016, Actual
01/08/25 08:45, 0.013, Actual
01/08/25 08:50, 0.009, Actual
01/08/25 08:55, 0.01, Actual
01/08/25 09:00, 0.01, Actual
01/08/25 09:05, 0.009, Actual
01/08/25 09:10, 0.01, Actual
01/08/25 09:15, 0.01, Actual
01/08/25 09:20, 0.01, Actual
01/08/25 09:25, 0.009, Actual
01/08/25 09:30, 0.01, Actual
01/08/25 09:35, 0.011, Actual
01/08/25 09:40, 0.017, Actual
01/08/25 09:45, 0.016, Actual
01/08/25 09:50, 0.015, Actual
01/08/25 09:55, 0.016, Actual
01/08/25 10:00, 0.015, Actual
01/08/25 10:05, 0.015, Actual
01/08/25 10:10, 0.015, Actual
01/08/25 10:15, 0.015, Actual
01/08/25 10:20, 0.011, Actual
01/08/25 10:25, 0.01, Actual
01/08/25 10:30, 0.011, Actual
01/08/25 10:35, 0.01, Actual
01/08/25 10:40, 0.011, Actual
01/08/25 10:45, 0.01, Actual
01/08/25 10:50, 0.01, Actual
01/08/25 10:55, 0.01, Actual
01/08/25 11:00, 0.011, Actual
01/08/25 11:05, 0.01, Actual
01/08/25 11:10, 0.01, Actual
01/08/25 11:15, 0.012, Actual
01/08/25 11:20, 0.017, Actual
01/08/25 11:25, 0.029, Actual
01/08/25 11:30, 0.02, Actual
01/08/25 11:35, 0.023, Actual
01/08/25 11:40, 0.124, Actual
01/08/25 11:45, 0.19, Actual
01/08/25 11:50, 0.146, Actual
01/08/25 11:55, 0.096, Actual
01/08/25 12:00, 0.203, Actual
01/08/25 12:05, 0.198, Actual
01/08/25 12:10, 0.12, Actual
01/08/25 12:15, 0.032, Actual
01/08/25 12:20, 0.021, Actual
01/08/25 12:25, 0.025, Actual
01/08/25 12:30, 0.025, Actual
01/08/25 12:35, 0.025, Actual
01/08/25 12:40, 0.025, Actual
01/08/25 12:45, 0.024, Actual
01/08/25 12:50, 0.024, Actual
01/08/25 12:55, 0.036, Actual
01/08/25 13:00, 0.024, Actual
01/08/25 13:05, 0.017, Actual
01/08/25 13:10, 0.017, Actual
01/08/25 13:15, 0.018, Actual
01/08/25 13:20, 0.018, Actual
01/08/25 13:25, 0.023, Actual
01/08/25 13:30, 0.015, Actual
01/08/25 13:35, 0.014, Actual
01/08/25 13:40, 0.015, Actual
01/08/25 13:45, 0.028, Actual
01/08/25 13:50, 0.025, Actual
01/08/25 13:55, 0.017, Actual
01/08/25 14:00, 0.018, Actual
01/08/25 14:05, 0.017, Actual
01/08/25 14:10, 0.018, Actual
01/08/25 14:15, 0.017, Actual
01/08/25 14:20, 0.018, Actual
01/08/25 14:25, 0.017, Actual
01/08/25 14:30, 0.018, Actual
01/08/25 14:35, 0.017, Actual
01/08/25 14:40, 0.017, Actual
01/08/25 14:45, 0.018, Actual
01/08/25 14:50, 0.018, Actual
01/08/25 14:55, 0.017, Actual
01/08/25 15:00, 0.018, Actual
01/08/25 15:05, 0.017, Actual
01/08/25 15:10, 0.018, Actual
01/08/25 15:15, 0.017, Actual
01/08/25 15:20, 0.017, Actual
01/08/25 15:25, 0.021, Actual
01/08/25 15:30, 0.03, Actual
01/08/25 15:35, 0.031, Actual
01/08/25 15:40, 0.038, Actual
01/08/25 15:45, 0.04, Actual
01/08/25 15:50, 0.039, Actual
01/08/25 15:55, 0.132, Actual
01/08/25 16:00, 0.038, Actual
01/08/25 16:05, 0.045, Actual
01/08/25 16:10, 0.044, Actual
01/08/25 16:15, 0.046, Actual
01/08/25 16:20, 0.07, Actual
01/08/25 16:25, 0.09, Actual
01/08/25 16:30, 0.091, Actual
01/08/25 16:35, 0.071, Actual
01/08/25 16:40, 0.089, Actual
01/08/25 16:45, 0.087, Actual
01/08/25 16:50, 0.331, Actual
01/08/25 16:55, 0.28, Actual
01/08/25 17:00, 0.176, Actual
01/08/25 17:05, 0.175, Actual
01/08/25 17:10, 0.139, Actual
01/08/25 17:15, 0.149, Actual
01/08/25 17:20, 0.141, Actual
01/08/25 17:25, 0.133, Actual
01/08/25 17:30, 0.135, Actual
01/08/25 17:35, 0.141, Actual
01/08/25 17:40, 0.136, Actual
01/08/25 17:45, 0.132, Actual
01/08/25 17:50, 0.166, Actual
01/08/25 17:55, 0.153, Actual
01/08/25 18:00, 0.053, Actual
01/08/25 18:05, 0.031, Actual
01/08/25 18:10, 0.026, Actual
01/08/25 18:15, 0.026, Actual
01/08/25 18:20, 0.027, Actual
01/08/25 18:25, 0.032, Actual
01/08/25 18:30, 0.041, Actual
01/08/25 18:35, 0.169, Actual
01/08/25 18:40, 0.208, Actual
01/08/25 18:45, 0.049, Actual
01/08/25 18:50, 0.047, Actual
01/08/25 18:55, 0.218, Actual
01/08/25 19:00, 0.039, Actual
01/08/25 19:05, 0.036, Actual
01/08/25 19:10, 0.055, Actual
01/08/25 19:15, 0.036, Actual
01/08/25 19:20, 0.037, Actual
01/08/25 19:25, 0.036, Actual
01/08/25 19:30, 0.038, Actual
01/08/25 19:35, 0.135, Actual
01/08/25 19:40, 0.081, Actual
01/08/25 19:45, 0.041, Actual
01/08/25 19:50, 0.078, Actual
01/08/25 19:55, 0.042, Actual
01/08/25 20:00, 0.131, Actual
01/08/25 20:05, 0.202, Actual
01/08/25 20:10, 0.247, Actual
01/08/25 20:15, 0.18, Actual
01/08/25 20:20, 0.081, Actual
01/08/25 20:25, 0.036, Actual
01/08/25 20:30, 0.034, Actual
01/08/25 20:35, 0.034, Actual
01/08/25 20:40, 0.035, Actual
01/08/25 20:45, 0.034, Actual
01/08/25 20:50, 0.034, Actual
01/08/25 20:55, 0.035, Actual
01/08/25 21:00, 0.033, Actual
01/08/25 21:05, 0.031, Actual
01/08/25 21:10, 0.032, Actual
01/08/25 21:15, 0.032, Actual
01/08/25 21:20, 0.031, Actual
01/08/25 21:25, 0.033, Actual
01/08/25 21:30, 0.072, Actual
01/08/25 21:35, 0.074, Actual
01/08/25 21:40, 0.067, Actual
01/08/25 21:45, 0.059, Actual
01/08/25 21:50, 0.031, Actual
01/08/25 21:55, 0.019, Actual
01/08/25 22:00, 0.017, Actual
01/08/25 22:05, 0.024, Actual
01/08/25 22:10, 0.016, Actual
01/08/25 22:15, 0.017, Actual
01/08/25 22:20, 0.016, Actual
01/08/25 22:25, 0.015, Actual
01/08/25 22:30, 0.016, Actual
01/08/25 22:35, 0.016, Actual
01/08/25 22:40, 0.016, Actual
01/08/25 22:45, 0.016, Actual
01/08/25 22:50, 0.017, Actual
01/08/25 22:55, 0.016, Actual
01/08/25 23:00, 0.016, Actual
01/08/25 23:05, 0.016, Actual
01/08/25 23:10, 0.016, Actual
01/08/25 23:15, 0.017, Actual
01/08/25 23:20, 0.016, Actual
01/08/25 23:25, 0.017, Actual
01/08/25 23:30, 0.016, Actual
01/08/25 23:35, 0.017, Actual
01/08/25 23:40, 0.016, Actual
01/08/25 23:45, 0.016, Actual
01/08/25 23:50, 0.017, Actual
01/08/25 23:55, 0.016, Actual
02/08/25 00:00, 0.016, Actual
02/08/25 00:05, 0.016, Actual
02/08/25 00:10, 0.016, Actual
02/08/25 00:15, 0.017, Actual
02/08/25 00:20, 0.016, Actual
02/08/25 00:25, 0.017, Actual
02/08/25 00:30, 0.016, Actual
02/08/25 00:35, 0.016, Actual
02/08/25 00:40, 0.017, Actual
02/08/25 00:45, 0.016, Actual
02/08/25 00:50, 0.016, Actual
02/08/25 00:55, 0.017, Actual
02/08/25 01:00, 0.016, Actual
02/08/25 01:05, 0.017, Actual
02/08/25 01:10, 0.016, Actual
02/08/25 01:15, 0.017, Actual
02/08/25 01:20, 0.016, Actual
02/08/25 01:25, 0.016, Actual
02/08/25 01:30, 0.017, Actual
02/08/25 01:35, 0.016, Actual
02/08/25 01:40, 0.017, Actual
02/08/25 01:45, 0.016, Actual
02/08/25 01:50, 0.016, Actual
02/08/25 01:55, 0.017, Actual
02/08/25 02:00, 0.016, Actual
02/08/25 02:05, 0.016, Actual
02/08/25 02:10, 0.015, Actual
02/08/25 02:15, 0.019, Actual
02/08/25 02:20, 0.029, Actual
02/08/25 02:25, 0.029, Actual
02/08/25 02:30, 0.03, Actual
02/08/25 02:35, 0.029, Actual
02/08/25 02:40, 0.029, Actual
02/08/25 02:45, 0.016, Actual
02/08/25 02:50, 0.017, Actual
02/08/25 02:55, 0.019, Actual
02/08/25 03:00, 0.019, Actual
02/08/25 03:05, 0.018, Actual
02/08/25 03:10, 0.018, Actual
02/08/25 03:15, 0.019, Actual
02/08/25 03:20, 0.025, Actual
02/08/25 03:25, 0.017, Actual
02/08/25 03:30, 0.018, Actual
02/08/25 03:35, 0.017, Actual
02/08/25 03:40, 0.017, Actual
02/08/25 03:45, 0.017, Actual
02/08/25 03:50, 0.017, Actual
02/08/25 03:55, 0.018, Actual
02/08/25 04:00, 0.017, Actual
02/08/25 04:05, 0.017, Actual
02/08/25 04:10, 0.016, Actual
02/08/25 04:15, 0.018, Actual
02/08/25 04:20, 0.016, Actual
02/08/25 04:25, 0.017, Actual
02/08/25 04:30, 0.017, Actual
02/08/25 04:35, 0.017, Actual
02/08/25 04:40, 0.017, Actual
02/08/25 04:45, 0.017, Actual
02/08/25 04:50, 0.017, Actual
02/08/25 04:55, 0.016, Actual
02/08/25 05:00, 0.017, Actual
02/08/25 05:05, 0.017, Actual
02/08/25 05:10, 0.016, Actual
02/08/25 05:15, 0.017, Actual
02/08/25 05:20, 0.017, Actual
02/08/25 05:25, 0.017, Actual
02/08/25 05:30, 0.016, Actual
02/08/25 05:35, 0.017, Actual
02/08/25 05:40, 0.017, Actual
02/08/25 05:45, 0.016, Actual
02/08/25 05:50, 0.017, Actual
02/08/25 05:55, 0.016, Actual
02/08/25 06:00, 0.018, Actual
02/08/25 06:05, 0.021, Actual
02/08/25 06:10, 0.044, Actual
02/08/25 06:15, 0.031, Actual
02/08/25 06:20, 0.05, Actual
02/08/25 06:25, 0.108, Actual
02/08/25 06:30, 0.258, Actual
02/08/25 06:35, 0.18, Actual
02/08/25 06:40, 0.11, Actual
02/08/25 06:45, 0.107, Actual
02/08/25 06:50, 0.228, Actual
02/08/25 06:55, 0.694, Actual
02/08/25 07:00, 0.384, Actual
02/08/25 07:05, 0.239, Actual
02/08/25 07:10, 0.361, Actual
02/08/25 07:15, 0.186, Actual
02/08/25 07:20, 0.317, Actual
02/08/25 07:25, 0.241, Actual
02/08/25 07:30, 0.209, Actual
02/08/25 07:35, 0.178, Actual
02/08/25 07:40, 0.139, Actual
02/08/25 07:45, 0.129, Actual
02/08/25 07:50, 0.143, Actual
02/08/25 07:55, 0.189, Actual
02/08/25 08:00, 0.16, Actual
02/08/25 08:05, 0.179, Actual
02/08/25 08:10, 0.032, Actual
02/08/25 08:15, 0.031, Actual
02/08/25 08:20, 0.032, Actual
02/08/25 08:25, 0.133, Actual
02/08/25 08:30, 0.203, Actual
02/08/25 08:35, 0.216, Actual
02/08/25 08:40, 0.224, Actual
02/08/25 08:45, 0.065, Actual
02/08/25 08:50, 0.053, Actual
02/08/25 08:55, 0.052, Actual
02/08/25 09:00, 0.048, Actual
02/08/25 09:05, 0.054, Actual
02/08/25 09:10, 0.06, Actual
02/08/25 09:15, 0.052, Actual
02/08/25 09:20, 0.052, Actual
02/08/25 09:25, 0.052, Actual
02/08/25 09:30, 0.052, Actual
02/08/25 09:35, 0.051, Actual
02/08/25 09:40, 0.051, Actual
02/08/25 09:45, 0.051, Actual
02/08/25 09:50, 0.086, Actual
02/08/25 09:55, 0.259, Actual
02/08/25 10:00, 0.089, Actual
02/08/25 10:05, 0.185, Actual
02/08/25 10:10, 0.101, Actual
02/08/25 10:15, 0.102, Actual
02/08/25 10:20, 0.113, Actual
02/08/25 10:25, 0.063, Actual
02/08/25 10:30, 0.027, Actual
02/08/25 10:35, 0.027, Actual
02/08/25 10:40, 0.086, Actual
02/08/25 10:45, 0.039, Actual
02/08/25 10:50, 0.03, Actual
02/08/25 10:55, 0.2, Actual
02/08/25 11:00, 0.204, Actual
02/08/25 11:05, 0.193, Actual
02/08/25 11:10, 0.04, Actual
02/08/25 11:15, 0.068, Actual
02/08/25 11:20, 0.036, Actual
02/08/25 11:25, 0.032, Actual
02/08/25 11:30, 0.035, Actual
02/08/25 11:35, 0.032, Actual
02/08/25 11:40, 0.044, Actual
02/08/25 11:45, 0.039, Actual
02/08/25 11:50, 0.027, Actual
02/08/25 11:55, 0.026, Actual
02/08/25 12:00, 0.026, Actual
02/08/25 12:05, 0.04, Actual
02/08/25 12:10, 0.043, Actual
02/08/25 12:15, 0.044, Actual
02/08/25 12:20, 0.054, Actual
02/08/25 12:25, 0.043, Actual
02/08/25 12:30, 0.074, Actual
02/08/25 12:35, 0.063, Actual
02/08/25 12:40, 0.089, Actual
02/08/25 12:45, 0.093, Actual
02/08/25 12:50, 0.062, Actual
02/08/25 12:55, 0.063, Actual
02/08/25 13:00, 0.062, Actual
02/08/25 13:05, 0.049, Actual
02/08/25 13:10, 0.051, Actual
02/08/25 13:15, 0.051, Actual
02/08/25 13:20, 0.067, Actual
02/08/25 13:25, 0.1, Actual
02/08/25 13:30, 0.049, Actual
02/08/25 13:35, 0.115, Actual
02/08/25 13:40, 0.057, Actual
02/08/25 13:45, 0.049, Actual
02/08/25 13:50, 0.048, Actual
02/08/25 13:55, 0.049, Actual
02/08/25 14:00, 0.05, Actual
02/08/25 14:05, 0.049, Actual
02/08/25 14:10, 0.05, Actual
02/08/25 14:15, 0.06, Actual
02/08/25 14:20, 0.06, Actual
02/08/25 14:25, 0.058, Actual
02/08/25 14:30, 0.049, Actual
02/08/25 14:35, 0.049, Actual
02/08/25 14:40, 0.05, Actual
02/08/25 14:45, 0.049, Actual
02/08/25 14:50, 0.043, Actual
02/08/25 14:55, 0.16, Actual
02/08/25 15:00, 0.21, Actual
02/08/25 15:05, 0.217, Actual
02/08/25 15:10, 0.124, Actual
02/08/25 15:15, 0.056, Actual
02/08/25 15:20, 0.054, Actual
02/08/25 15:25, 0.052, Actual
02/08/25 15:30, 0.052, Actual
02/08/25 15:35, 0.052, Actual
02/08/25 15:40, 0.051, Actual
02/08/25 15:45, 0.052, Actual
02/08/25 15:50, 0.05, Actual
02/08/25 15:55, 0.051, Actual
02/08/25 16:00, 0.05, Actual
02/08/25 16:05, 0.05, Actual
02/08/25 16:10, 0.05, Actual
02/08/25 16:15, 0.05, Actual
02/08/25 16:20, 0.092, Actual
02/08/25 16:25, 0.368, Actual
02/08/25 16:30, 0.151, Actual
02/08/25 16:35, 0.19, Actual
02/08/25 16:40, 0.126, Actual
02/08/25 16:45, 0.136, Actual
02/08/25 16:50, 0.128, Actual
02/08/25 16:55, 0.132, Actual
02/08/25 17:00, 0.131, Actual
02/08/25 17:05, 0.154, Actual
02/08/25 17:10, 0.2, Actual
02/08/25 17:15, 0.262, Actual
02/08/25 17:20, 0.242, Actual
02/08/25 17:25, 0.154, Actual
02/08/25 17:30, 0.164, Actual
02/08/25 17:35, 0.171, Actual
02/08/25 17:40, 0.154, Actual
02/08/25 17:45, 0.176, Actual
02/08/25 17:50, 0.332, Actual
02/08/25 17:55, 0.319, Actual
02/08/25 18:00, 0.284, Actual
02/08/25 18:05, 0.272, Actual
02/08/25 18:10, 0.285, Actual
02/08/25 18:15, 0.061, Actual
02/08/25 18:20, 0.064, Actual
02/08/25 18:25, 0.055, Actual
02/08/25 18:30, 0.036, Actual
02/08/25 18:35, 0.038, Actual
02/08/25 18:40, 0.034, Actual
02/08/25 18:45, 0.03, Actual
02/08/25 18:50, 0.04, Actual
02/08/25 18:55, 0.04, Actual
02/08/25 19:00, 0.038, Actual
02/08/25 19:05, 0.039, Actual
02/08/25 19:10, 0.043, Actual
02/08/25 19:15, 0.043, Actual
02/08/25 19:20, 0.049, Actual
02/08/25 19:25, 0.049, Actual
02/08/25 19:30, 0.164, Actual
02/08/25 19:35, 0.223, Actual
02/08/25 19:40, 0.055, Actual
02/08/25 19:45, 0.051, Actual
02/08/25 19:50, 0.06, Actual
02/08/25 19:55, 0.059, Actual
02/08/25 20:00, 0.059, Actual
02/08/25 20:05, 0.062, Actual
02/08/25 20:10, 0.065, Actual
02/08/25 20:15, 0.066, Actual
02/08/25 20:20, 0.128, Actual
02/08/25 20:25, 0.232, Actual
02/08/25 20:30, 0.229, Actual
02/08/25 20:35, 0.189, Actual
02/08/25 20:40, 0.064, Actual
02/08/25 20:45, 0.063, Actual
02/08/25 20:50, 0.062, Actual
02/08/25 20:55, 0.059, Actual
02/08/25 21:00, 0.057, Actual
02/08/25 21:05, 0.062, Actual
02/08/25 21:10, 0.059, Actual
02/08/25 21:15, 0.044, Actual
02/08/25 21:20, 0.039, Actual
02/08/25 21:25, 0.037, Actual
02/08/25 21:30, 0.036, Actual
02/08/25 21:35, 0.037, Actual
02/08/25 21:40, 0.036, Actual
02/08/25 21:45, 0.034, Actual
02/08/25 21:50, 0.031, Actual
02/08/25 21:55, 0.021, Actual
02/08/25 22:00, 0.028, Actual
02/08/25 22:05, 0.024, Actual
02/08/25 22:10, 0.017, Actual
02/08/25 22:15, 0.016, Actual
02/08/25 22:20, 0.017, Actual
02/08/25 22:25, 0.016, Actual
02/08/25 22:30, 0.016, Actual
02/08/25 22:35, 0.016, Actual
02/08/25 22:40, 0.016, Actual
02/08/25 22:45, 0.016, Actual
02/08/25 22:50, 0.017, Actual
02/08/25 22:55, 0.016, Actual
02/08/25 23:00, 0.016, Actual
02/08/25 23:05, 0.017, Actual
02/08/25 23:10, 0.016, Actual
02/08/25 23:15, 0.017, Actual
02/08/25 23:20, 0.016, Actual
02/08/25 23:25, 0.017, Actual
02/08/25 23:30, 0.017, Actual
02/08/25 23:35, 0.016, Actual
02/08/25 23:40, 0.017, Actual
02/08/25 23:45, 0.017, Actual
02/08/25 23:50, 0.017, Actual
02/08/25 23:55, 0.016, Actual
03/08/25 00:00, 0.017, Actual
03/08/25 00:05, 0.016, Actual
03/08/25 00:10, 0.017, Actual
03/08/25 00:15, 0.017, Actual
03/08/25 00:20, 0.016, Actual
03/08/25 00:25, 0.017, Actual
03/08/25 00:30, 0.016, Actual
03/08/25 00:35, 0.017, Actual
03/08/25 00:40, 0.016, Actual
03/08/25 00:45, 0.017, Actual
03/08/25 00:50, 0.016, Actual
03/08/25 00:55, 0.017, Actual
03/08/25 01:00, 0.016, Actual
03/08/25 01:05, 0.016, Actual
03/08/25 01:10, 0.017, Actual
03/08/25 01:15, 0.016, Actual
03/08/25 01:20, 0.017, Actual
03/08/25 01:25, 0.016, Actual
03/08/25 01:30, 0.017, Actual
03/08/25 01:35, 0.016, Actual
03/08/25 01:40, 0.016, Actual
03/08/25 01:45, 0.017, Actual
03/08/25 01:50, 0.016, Actual
03/08/25 01:55, 0.017, Actual
03/08/25 02:00, 0.016, Actual
03/08/25 02:05, 0.017, Actual
03/08/25 02:10, 0.025, Actual
03/08/25 02:15, 0.014, Actual
03/08/25 02:20, 0.02, Actual
03/08/25 02:25, 0.03, Actual
03/08/25 02:30, 0.029, Actual
03/08/25 02:35, 0.03, Actual
03/08/25 02:40, 0.03, Actual
03/08/25 02:45, 0.029, Actual
03/08/25 02:50, 0.014, Actual
03/08/25 02:55, 0.019, Actual
03/08/25 03:00, 0.019, Actual
03/08/25 03:05, 0.019, Actual
03/08/25 03:10, 0.019, Actual
03/08/25 03:15, 0.019, Actual
03/08/25 03:20, 0.018, Actual
03/08/25 03:25, 0.018, Actual
03/08/25 03:30, 0.018, Actual
03/08/25 03:35, 0.018, Actual
03/08/25 03:40, 0.018, Actual
03/08/25 03:45, 0.018, Actual
03/08/25 03:50, 0.018, Actual
03/08/25 03:55, 0.017, Actual
03/08/25 04:00, 0.018, Actual
03/08/25 04:05, 0.018, Actual
03/08/25 04:10, 0.017, Actual
03/08/25 04:15, 0.018, Actual
03/08/25 04:20, 0.018, Actual
03/08/25 04:25, 0.017, Actual
03/08/25 04:30, 0.018, Actual
03/08/25 04:35, 0.017, Actual
03/08/25 04:40, 0.018, Actual
03/08/25 04:45, 0.017, Actual
03/08/25 04:50, 0.018, Actual
03/08/25 04:55, 0.017, Actual
03/08/25 05:00, 0.018, Actual
03/08/25 05:05, 0.017, Actual
03/08/25 05:10, 0.018, Actual
03/08/25 05:15, 0.017, Actual
03/08/25 05:20, 0.017, Actual
03/08/25 05:25, 0.018, Actual
03/08/25 05:30, 0.017, Actual
03/08/25 05:35, 0.018, Actual
03/08/25 05:40, 0.017, Actual
03/08/25 05:45, 0.017, Actual
03/08/25 05:50, 0.018, Actual
03/08/25 05:55, 0.017, Actual
03/08/25 06:00, 0.017, Actual
03/08/25 06:05, 0.018, Actual
03/08/25 06:10, 0.017, Actual
03/08/25 06:15, 0.017, Actual
03/08/25 06:20, 0.017, Actual
03/08/25 06:25, 0.017, Actual
03/08/25 06:30, 0.018, Actual
03/08/25 06:35, 0.017, Actual
03/08/25 06:40, 0.017, Actual
03/08/25 06:45, 0.017, Actual
03/08/25 06:50, 0.018, Actual
03/08/25 06:55, 0.017, Actual
03/08/25 07:00, 0.019, Actual
03/08/25 07:05, 0.024, Actual
03/08/25 07:10, 0.226, Actual
03/08/25 07:15, 0.262, Actual
03/08/25 07:20, 0.106, Actual
03/08/25 07:25, 0.198, Actual
03/08/25 07:30, 0.08, Actual
03/08/25 07:35, 0.216, Actual
03/08/25 07:40, 0.064, Actual
03/08/25 07:45, 0.143, Actual
03/08/25 07:50, 0.096, Actual
03/08/25 07:55, 0.161, Actual
03/08/25 08:00, 0.099, Actual
03/08/25 08:05, 0.032, Actual
03/08/25 08:10, 0.037, Actual
03/08/25 08:15, 0.092, Actual
03/08/25 08:20, 0.14, Actual
03/08/25 08:25, 0.077, Actual
03/08/25 08:30, 0.042, Actual
03/08/25 08:35, 0.037, Actual
03/08/25 08:40, 0.061, Actual
03/08/25 08:45, 0.088, Actual
03/08/25 08:50, 0.098, Actual
03/08/25 08:55, 0.204, Actual
03/08/25 09:00, 0.148, Actual
03/08/25 09:05, 0.074, Actual
03/08/25 09:10, 0.035, Actual
03/08/25 09:15, 0.032, Actual
03/08/25 09:20, 0.031, Actual
03/08/25 09:25, 0.03, Actual
03/08/25 09:30, 0.021, Actual
03/08/25 09:35, 0.017, Actual
03/08/25 09:40, 0.016, Actual
03/08/25 09:45, 0.016, Actual
03/08/25 09:50, 0.016, Actual
03/08/25 09:55, 0.016, Actual
03/08/25 10:00, 0.016, Actual
03/08/25 10:05, 0.015, Actual
03/08/25 10:10, 0.016, Actual
03/08/25 10:15, 0.018, Actual
03/08/25 10:20, 0.017, Actual
03/08/25 10:25, 0.018, Actual
03/08/25 10:30, 0.018, Actual
03/08/25 10:35, 0.018, Actual
03/08/25 10:40, 0.018, Actual
03/08/25 10:45, 0.061, Actual
03/08/25 10:50, 0.19, Actual
03/08/25 10:55, 0.19, Actual
03/08/25 11:00, 0.191, Actual
03/08/25 11:05, 0.04, Actual
03/08/25 11:10, 0.024, Actual
03/08/25 11:15, 0.022, Actual
03/08/25 11:20, 0.025, Actual
03/08/25 11:25, 0.022, Actual
03/08/25 11:30, 0.025, Actual
03/08/25 11:35, 0.022, Actual
03/08/25 11:40, 0.018, Actual
03/08/25 11:45, 0.018, Actual
03/08/25 11:50, 0.019, Actual
03/08/25 11:55, 0.033, Actual
03/08/25 12:00, 0.031, Actual
03/08/25 12:05, 0.027, Actual
03/08/25 12:10, 0.076, Actual
03/08/25 12:15, 0.143, Actual
03/08/25 12:20, 0.255, Actual
03/08/25 12:25, 0.203, Actual
03/08/25 12:30, 0.217, Actual
03/08/25 12:35, 0.217, Actual
03/08/25 12:40, 0.24, Actual
03/08/25 12:45, 0.272, Actual
03/08/25 12:50, 0.23, Actual
03/08/25 12:55, 0.221, Actual
03/08/25 13:00, 0.223, Actual
03/08/25 13:05, 0.168, Actual
03/08/25 13:10, 0.05, Actual
03/08/25 13:15, 0.048, Actual
03/08/25 13:20, 0.046, Actual
03/08/25 13:25, 0.048, Actual
03/08/25 13:30, 0.048, Actual
03/08/25 13:35, 0.048, Actual
03/08/25 13:40, 0.047, Actual
03/08/25 13:45, 0.046, Actual
03/08/25 13:50, 0.047, Actual
03/08/25 13:55, 0.059, Actual
03/08/25 14:00, 0.041, Actual
03/08/25 14:05, 0.038, Actual
03/08/25 14:10, 0.059, Actual
03/08/25 14:15, 0.093, Actual
03/08/25 14:20, 0.071, Actual
03/08/25 14:25, 0.067, Actual
03/08/25 14:30, 0.152, Actual
03/08/25 14:35, 0.068, Actual
03/08/25 14:40, 0.047, Actual
03/08/25 14:45, 0.056, Actual
03/08/25 14:50, 0.063, Actual
03/08/25 14:55, 0.039, Actual
03/08/25 15:00, 0.064, Actual
03/08/25 15:05, 0.048, Actual
03/08/25 15:10, 0.054, Actual
03/08/25 15:15, 0.062, Actual
03/08/25 15:20, 0.047, Actual
03/08/25 15:25, 0.063, Actual
03/08/25 15:30, 0.04, Actual
03/08/25 15:35, 0.065, Actual
03/08/25 15:40, 0.042, Actual
03/08/25 15:45, 0.072, Actual
03/08/25 15:50, 0.058, Actual
03/08/25 15:55, 0.078, Actual
03/08/25 16:00, 0.05, Actual
03/08/25 16:05, 0.067, Actual
03/08/25 16:10, 0.081, Actual
03/08/25 16:15, 0.076, Actual
03/08/25 16:20, 0.087, Actual
03/08/25 16:25, 0.331, Actual
03/08/25 16:30, 0.324, Actual
03/08/25 16:35, 0.189, Actual
03/08/25 16:40, 0.163, Actual
03/08/25 16:45, 0.161, Actual
03/08/25 16:50, 0.185, Actual
03/08/25 16:55, 0.174, Actual
03/08/25 17:00, 0.171, Actual
03/08/25 17:05, 0.181, Actual
03/08/25 17:10, 0.164, Actual
03/08/25 17:15, 0.167, Actual
03/08/25 17:20, 0.202, Actual
03/08/25 17:25, 0.213, Actual
03/08/25 17:30, 0.2, Actual
03/08/25 17:35, 0.201, Actual
03/08/25 17:40, 0.187, Actual
03/08/25 17:45, 0.058, Actual
03/08/25 17:50, 0.044, Actual
03/08/25 17:55, 0.169, Actual
03/08/25 18:00, 0.102, Actual
03/08/25 18:05, 0.1, Actual
03/08/25 18:10, 0.114, Actual
03/08/25 18:15, 0.172, Actual
03/08/25 18:20, 0.425, Actual
03/08/25 18:25, 0.359, Actual
03/08/25 18:30, 0.175, Actual
03/08/25 18:35, 0.133, Actual
03/08/25 18:40, 0.223, Actual
03/08/25 18:45, 0.183, Actual
03/08/25 18:50, 0.046, Actual
03/08/25 18:55, 0.074, Actual
03/08/25 19:00, 0.044, Actual
03/08/25 19:05, 0.049, Actual
03/08/25 19:10, 0.216, Actual
03/08/25 19:15, 0.21, Actual
03/08/25 19:20, 0.206, Actual
03/08/25 19:25, 0.067, Actual
03/08/25 19:30, 0.054, Actual
03/08/25 19:35, 0.033, Actual
03/08/25 19:40, 0.033, Actual
03/08/25 19:45, 0.039, Actual
03/08/25 19:50, 0.034, Actual
03/08/25 19:55, 0.034, Actual
03/08/25 20:00, 0.033, Actual
03/08/25 20:05, 0.031, Actual
03/08/25 20:10, 0.027, Actual
03/08/25 20:15, 0.034, Actual
03/08/25 20:20, 0.033, Actual
03/08/25 20:25, 0.033, Actual
03/08/25 20:30, 0.032, Actual
03/08/25 20:35, 0.033, Actual
03/08/25 20:40, 0.033, Actual
03/08/25 20:45, 0.032, Actual
03/08/25 20:50, 0.033, Actual
03/08/25 20:55, 0.032, Actual
03/08/25 21:00, 0.033, Actual
03/08/25 21:05, 0.033, Actual
03/08/25 21:10, 0.033, Actual
03/08/25 21:15, 0.034, Actual
03/08/25 21:20, 0.034, Actual
03/08/25 21:25, 0.035, Actual
03/08/25 21:30, 0.034, Actual
03/08/25 21:35, 0.034, Actual
03/08/25 21:40, 0.034, Actual
03/08/25 21:45, 0.034, Actual
03/08/25 21:50, 0.029, Actual
03/08/25 21:55, 0.03, Actual
03/08/25 22:00, 0.029, Actual
03/08/25 22:05, 0.018, Actual
03/08/25 22:10, 0.016, Actual
03/08/25 22:15, 0.017, Actual
03/08/25 22:20, 0.016, Actual
03/08/25 22:25, 0.017, Actual
03/08/25 22:30, 0.016, Actual
03/08/25 22:35, 0.017, Actual
03/08/25 22:40, 0.017, Actual
03/08/25 22:45, 0.016, Actual
03/08/25 22:50, 0.017, Actual
03/08/25 22:55, 0.017, Actual
03/08/25 23:00, 0.016, Actual
03/08/25 23:05, 0.017, Actual
03/08/25 23:10, 0.017, Actual
03/08/25 23:15, 0.017, Actual
03/08/25 23:20, 0.016, Actual
03/08/25 23:25, 0.017, Actual
03/08/25 23:30, 0.017, Actual
03/08/25 23:35, 0.017, Actual
03/08/25 23:40, 0.016, Actual
03/08/25 23:45, 0.017, Actual
03/08/25 23:50, 0.016, Actual
03/08/25 23:55, 0.017, Actual
04/08/25 00:00, 0.017, Actual
04/08/25 00:05, 0.016, Actual
04/08/25 00:10, 0.017, Actual
04/08/25 00:15, 0.017, Actual
04/08/25 00:20, 0.016, Actual
04/08/25 00:25, 0.017, Actual
04/08/25 00:30, 0.017, Actual
04/08/25 00:35, 0.017, Actual
04/08/25 00:40, 0.025, Actual
04/08/25 00:45, 0.017, Actual
04/08/25 00:50, 0.016, Actual
04/08/25 00:55, 0.017, Actual
04/08/25 01:00, 0.017, Actual
04/08/25 01:05, 0.017, Actual
04/08/25 01:10, 0.016, Actual
04/08/25 01:15, 0.017, Actual
04/08/25 01:20, 0.017, Actual
04/08/25 01:25, 0.016, Actual
04/08/25 01:30, 0.017, Actual
04/08/25 01:35, 0.016, Actual
04/08/25 01:40, 0.017, Actual
04/08/25 01:45, 0.017, Actual
04/08/25 01:50, 0.016, Actual
04/08/25 01:55, 0.017, Actual
04/08/25 02:00, 0.017, Actual
04/08/25 02:05, 0.016, Actual
04/08/25 02:10, 0.017, Actual
04/08/25 02:15, 0.016, Actual
04/08/25 02:20, 0.017, Actual
04/08/25 02:25, 0.017, Actual
04/08/25 02:30, 0.016, Actual
04/08/25 02:35, 0.017, Actual
04/08/25 02:40, 0.016, Actual
04/08/25 02:45, 0.017, Actual
04/08/25 02:50, 0.017, Actual
04/08/25 02:55, 0.016, Actual
04/08/25 03:00, 0.017, Actual
04/08/25 03:05, 0.016, Actual
04/08/25 03:10, 0.017, Actual
04/08/25 03:15, 0.016, Actual
04/08/25 03:20, 0.017, Actual
04/08/25 03:25, 0.017, Actual
04/08/25 03:30, 0.016, Actual
04/08/25 03:35, 0.017, Actual
04/08/25 03:40, 0.016, Actual
04/08/25 03:45, 0.017, Actual
04/08/25 03:50, 0.016, Actual
04/08/25 03:55, 0.017, Actual
04/08/25 04:00, 0.016, Actual
04/08/25 04:05, 0.017, Actual
04/08/25 04:10, 0.017, Actual
04/08/25 04:15, 0.016, Actual
04/08/25 04:20, 0.017, Actual
04/08/25 04:25, 0.016, Actual
04/08/25 04:30, 0.017, Actual
04/08/25 04:35, 0.016, Actual
04/08/25 04:40, 0.017, Actual
04/08/25 04:45, 0.016, Actual
04/08/25 04:50, 0.017, Actual
04/08/25 04:55, 0.016, Actual
04/08/25 05:00, 0.017, Actual
04/08/25 05:05, 0.023, Actual
04/08/25 05:10, 0.016, Actual
04/08/25 05:15, 0.016, Actual
04/08/25 05:20, 0.017, Actual
04/08/25 05:25, 0.016, Actual
04/08/25 05:30, 0.017, Actual
04/08/25 05:35, 0.016, Actual
04/08/25 05:40, 0.016, Actual
04/08/25 05:45, 0.017, Actual
04/08/25 05:50, 0.016, Actual
04/08/25 05:55, 0.016, Actual
04/08/25 06:00, 0.02, Actual
04/08/25 06:05, 0.023, Actual
04/08/25 06:10, 0.025, Actual
04/08/25 06:15, 0.026, Actual
04/08/25 06:20, 0.055, Actual
04/08/25 06:25, 0.083, Actual
04/08/25 06:30, 0.061, Actual
04/08/25 06:35, 0.036, Actual
04/08/25 06:40, 0.025, Actual
04/08/25 06:45, 0.026, Actual
04/08/25 06:50, 0.295, Actual
04/08/25 06:55, 0.452, Actual
04/08/25 07:00, 0.252, Actual
04/08/25 07:05, 0.357, Actual
04/08/25 07:10, 0.303, Actual
04/08/25 07:15, 0.143, Actual
04/08/25 07:20, 0.353, Actual
04/08/25 07:25, 0.132, Actual
04/08/25 07:30, 0.167, Actual
04/08/25 07:35, 0.093, Actual
04/08/25 07:40, 0.15, Actual
04/08/25 07:45, 0.062, Actual
04/08/25 07:50, 0.109, Actual
04/08/25 07:55, 0.082, Actual
04/08/25 08:00, 0.043, Actual
04/08/25 08:05, 0.114, Actual
04/08/25 08:10, 0.03, Actual
04/08/25 08:15, 0.06, Actual
04/08/25 08:20, 0.017, Actual
04/08/25 08:25, 0.015, Actual
04/08/25 08:30, 0.016, Actual
04/08/25 08:35, 0.016, Actual
04/08/25 08:40, 0.015, Actual
04/08/25 08:45, 0.016, Actual
04/08/25 08:50, 0.016, Actual
04/08/25 08:55, 0.015, Actual
04/08/25 09:00, 0.016, Actual
04/08/25 09:05, 0.015, Actual
04/08/25 09:10, 0.016, Actual
04/08/25 09:15, 0.016, Actual
04/08/25 09:20, 0.015, Actual
04/08/25 09:25, 0.015, Actual
04/08/25 09:30, 0.016, Actual
04/08/25 09:35, 0.015, Actual
04/08/25 09:40, 0.015, Actual
04/08/25 09:45, 0.016, Actual
04/08/25 09:50, 0.015, Actual
04/08/25 09:55, 0.015, Actual
04/08/25 10:00, 0.015, Actual
04/08/25 10:05, 0.015, Actual
04/08/25 10:10, 0.016, Actual
04/08/25 10:15, 0.015, Actual
04/08/25 10:20, 0.015, Actual
04/08/25 10:25, 0.015, Actual
04/08/25 10:30, 0.015, Actual
04/08/25 10:35, 0.017, Actual
04/08/25 10:40, 0.017, Actual
04/08/25 10:45, 0.017, Actual
04/08/25 10:50, 0.017, Actual
04/08/25 10:55, 0.017, Actual
04/08/25 11:00, 0.016, Actual
04/08/25 11:05, 0.017, Actual
04/08/25 11:10, 0.021, Actual
04/08/25 11:15, 0.19, Actual
04/08/25 11:20, 0.206, Actual
04/08/25 11:25, 0.258, Actual
04/08/25 11:30, 0.149, Actual
04/08/25 11:35, 0.023, Actual
04/08/25 11:40, 0.025, Actual
04/08/25 11:45, 0.023, Actual
04/08/25 11:50, 0.026, Actual
04/08/25 11:55, 0.025, Actual
04/08/25 12:00, 0.031, Actual
04/08/25 12:05, 0.019, Actual
04/08/25 12:10, 0.02, Actual
04/08/25 12:15, 0.022, Actual
04/08/25 12:20, 0.159, Actual
04/08/25 12:25, 0.193, Actual
04/08/25 12:30, 0.09, Actual
04/08/25 12:35, 0.137, Actual
04/08/25 12:40, 0.192, Actual
04/08/25 12:45, 0.093, Actual
04/08/25 12:50, 0.021, Actual
04/08/25 12:55, 0.023, Actual
04/08/25 13:00, 0.025, Actual
04/08/25 13:05, 0.023, Actual
04/08/25 13:10, 0.068, Actual
04/08/25 13:15, 0.023, Actual
04/08/25 13:20, 0.071, Actual
04/08/25 13:25, 0.095, Actual
04/08/25 13:30, 0.083, Actual
04/08/25 13:35, 0.072, Actual
04/08/25 13:40, 0.233, Actual
04/08/25 13:45, 0.165, Actual
04/08/25 13:50, 0.142, Actual
04/08/25 13:55, 0.021, Actual
04/08/25 14:00, 0.024, Actual
04/08/25 14:05, 0.022, Actual
04/08/25 14:10, 0.024, Actual
04/08/25 14:15, 0.021, Actual
04/08/25 14:20, 0.028, Actual
04/08/25 14:25, 0.017, Actual
04/08/25 14:30, 0.017, Actual
04/08/25 14:35, 0.017, Actual
04/08/25 14:40, 0.022, Actual
04/08/25 14:45, 0.028, Actual
04/08/25 14:50, 0.028, Actual
04/08/25 14:55, 0.028, Actual
04/08/25 15:00, 0.028, Actual
04/08/25 15:05, 0.016, Actual
04/08/25 15:10, 0.017, Actual
04/08/25 15:15, 0.017, Actual
04/08/25 15:20, 0.016, Actual
04/08/25 15:25, 0.017, Actual
04/08/25 15:30, 0.017, Actual
04/08/25 15:35, 0.025, Actual
04/08/25 15:40, 0.026, Actual
04/08/25 15:45, 0.026, Actual
04/08/25 15:50, 0.025, Actual
04/08/25 15:55, 0.026, Actual
04/08/25 16:00, 0.025, Actual
04/08/25 16:05, 0.026, Actual
04/08/25 16:10, 0.026, Actual
04/08/25 16:15, 0.025, Actual
04/08/25 16:20, 0.021, Actual
04/08/25 16:25, 0.033, Actual
04/08/25 16:30, 0.035, Actual
04/08/25 16:35, 0.037, Actual
04/08/25 16:40, 0.045, Actual
04/08/25 16:45, 0.041, Actual
04/08/25 16:50, 0.041, Actual
04/08/25 16:55, 0.04, Actual
04/08/25 17:00, 0.045, Actual
04/08/25 17:05, 0.1, Actual
04/08/25 17:10, 0.395, Actual
04/08/25 17:15, 0.195, Actual
04/08/25 17:20, 0.183, Actual
04/08/25 17:25, 0.17, Actual
04/08/25 17:30, 0.225, Actual
04/08/25 17:35, 0.217, Actual
04/08/25 17:40, 0.206, Actual
04/08/25 17:45, 0.201, Actual
04/08/25 17:50, 0.201, Actual
04/08/25 17:55, 0.251, Actual
04/08/25 18:00, 0.218, Actual
04/08/25 18:05, 0.1, Actual
04/08/25 18:10, 0.079, Actual
04/08/25 18:15, 0.05, Actual
04/08/25 18:20, 0.029, Actual
04/08/25 18:25, 0.04, Actual
04/08/25 18:30, 0.054, Actual
04/08/25 18:35, 0.062, Actual
04/08/25 18:40, 0.326, Actual
04/08/25 18:45, 0.209, Actual
04/08/25 18:50, 0.094, Actual
04/08/25 18:55, 0.108, Actual
04/08/25 19:00, 0.08, Actual
04/08/25 19:05, 0.1, Actual
04/08/25 19:10, 0.084, Actual
04/08/25 19:15, 0.105, Actual
04/08/25 19:20, 0.054, Actual
04/08/25 19:25, 0.102, Actual
04/08/25 19:30, 0.085, Actual
04/08/25 19:35, 0.085, Actual
04/08/25 19:40, 0.081, Actual
04/08/25 19:45, 0.232, Actual
04/08/25 19:50, 0.21, Actual
04/08/25 19:55, 0.262, Actual
04/08/25 20:00, 0.169, Actual
04/08/25 20:05, 0.068, Actual
04/08/25 20:10, 0.06, Actual
04/08/25 20:15, 0.045, Actual
04/08/25 20:20, 0.044, Actual
04/08/25 20:25, 0.055, Actual
04/08/25 20:30, 0.045, Actual
04/08/25 20:35, 0.064, Actual
04/08/25 20:40, 0.033, Actual
04/08/25 20:45, 0.032, Actual
04/08/25 20:50, 0.031, Actual
04/08/25 20:55, 0.029, Actual
04/08/25 21:00, 0.029, Actual
04/08/25 21:05, 0.029, Actual
04/08/25 21:10, 0.029, Actual
04/08/25 21:15, 0.029, Actual
04/08/25 21:20, 0.029, Actual
04/08/25 21:25, 0.029, Actual
04/08/25 21:30, 0.029, Actual
04/08/25 21:35, 0.028, Actual
04/08/25 21:40, 0.029, Actual
04/08/25 21:45, 0.028, Actual
04/08/25 21:50, 0.029, Actual
04/08/25 21:55, 0.028, Actual
04/08/25 22:00, 0.028, Actual
04/08/25 22:05, 0.028, Actual
04/08/25 22:10, 0.019, Actual
04/08/25 22:15, 0.022, Actual
04/08/25 22:20, 0.02, Actual
04/08/25 22:25, 0.02, Actual
04/08/25 22:30, 0.02, Actual
04/08/25 22:35, 0.021, Actual
04/08/25 22:40, 0.015, Actual
04/08/25 22:45, 0.014, Actual
04/08/25 22:50, 0.015, Actual
04/08/25 22:55, 0.014, Actual
04/08/25 23:00, 0.014, Actual
04/08/25 23:05, 0.015, Actual
04/08/25 23:10, 0.014, Actual
04/08/25 23:15, 0.015, Actual
04/08/25 23:20, 0.015, Actual
04/08/25 23:25, 0.014, Actual
04/08/25 23:30, 0.015, Actual
04/08/25 23:35, 0.014, Actual
04/08/25 23:40, 0.015, Actual
04/08/25 23:45, 0.015, Actual
04/08/25 23:50, 0.015, Actual
04/08/25 23:55, 0.014, Actual
05/08/25 00:00, 0.015, Actual
05/08/25 00:05, 0.015, Actual
05/08/25 00:10, 0.014, Actual
05/08/25 00:15, 0.015, Actual
05/08/25 00:20, 0.015, Actual
05/08/25 00:25, 0.014, Actual
05/08/25 00:30, 0.015, Actual
05/08/25 00:35, 0.014, Actual
05/08/25 00:40, 0.011, Actual
05/08/25 00:45, 0.028, Actual
05/08/25 00:50, 0.028, Actual
05/08/25 00:55, 0.027, Actual
05/08/25 01:00, 0.028, Actual
05/08/25 01:05, 0.028, Actual
05/08/25 01:10, 0.014, Actual
05/08/25 01:15, 0.016, Actual
05/08/25 01:20, 0.017, Actual
05/08/25 01:25, 0.018, Actual
05/08/25 01:30, 0.017, Actual
05/08/25 01:35, 0.017, Actual
05/08/25 01:40, 0.016, Actual
05/08/25 01:45, 0.018, Actual
05/08/25 01:50, 0.018, Actual
05/08/25 01:55, 0.017, Actual
05/08/25 02:00, 0.017, Actual
05/08/25 02:05, 0.017, Actual
05/08/25 02:10, 0.017, Actual
05/08/25 02:15, 0.017, Actual
05/08/25 02:20, 0.017, Actual
05/08/25 02:25, 0.017, Actual
05/08/25 02:30, 0.017, Actual
05/08/25 02:35, 0.017, Actual
05/08/25 02:40, 0.017, Actual
05/08/25 02:45, 0.017, Actual
05/08/25 02:50, 0.017, Actual
05/08/25 02:55, 0.017, Actual
05/08/25 03:00, 0.016, Actual
05/08/25 03:05, 0.017, Actual
05/08/25 03:10, 0.017, Actual
05/08/25 03:15, 0.017, Actual
05/08/25 03:20, 0.017, Actual
05/08/25 03:25, 0.017, Actual
05/08/25 03:30, 0.016, Actual
05/08/25 03:35, 0.017, Actual
05/08/25 03:40, 0.017, Actual
05/08/25 03:45, 0.017, Actual
05/08/25 03:50, 0.017, Actual
05/08/25 03:55, 0.016, Actual
05/08/25 04:00, 0.017, Actual
05/08/25 04:05, 0.017, Actual
05/08/25 04:10, 0.016, Actual
05/08/25 04:15, 0.017, Actual
05/08/25 04:20, 0.017, Actual
05/08/25 04:25, 0.016, Actual
05/08/25 04:30, 0.017, Actual
05/08/25 04:35, 0.017, Actual
05/08/25 04:40, 0.017, Actual
05/08/25 04:45, 0.016, Actual
05/08/25 04:50, 0.017, Actual
05/08/25 04:55, 0.016, Actual
05/08/25 05:00, 0.017, Actual
05/08/25 05:05, 0.016, Actual
05/08/25 05:10, 0.017, Actual
05/08/25 05:15, 0.016, Actual
05/08/25 05:20, 0.017, Actual
05/08/25 05:25, 0.016, Actual
05/08/25 05:30, 0.016, Actual
05/08/25 05:35, 0.017, Actual
05/08/25 05:40, 0.025, Actual
05/08/25 05:45, 0.016, Actual
05/08/25 05:50, 0.016, Actual
05/08/25 05:55, 0.017, Actual
05/08/25 06:00, 0.017, Actual
05/08/25 06:05, 0.02, Actual
05/08/25 06:10, 0.02, Actual
05/08/25 06:15, 0.059, Actual
05/08/25 06:20, 0.051, Actual
05/08/25 06:25, 0.031, Actual
05/08/25 06:30, 0.044, Actual
05/08/25 06:35, 0.069, Actual
05/08/25 06:40, 0.088, Actual
05/08/25 06:45, 0.037, Actual
05/08/25 06:50, 0.262, Actual
05/08/25 06:55, 0.363, Actual
05/08/25 07:00, 0.343, Actual
05/08/25 07:05, 0.249, Actual
05/08/25 07:10, 0.301, Actual
05/08/25 07:15, 0.162, Actual
05/08/25 07:20, 0.265, Actual
05/08/25 07:25, 0.235, Actual
05/08/25 07:30, 0.142, Actual
05/08/25 07:35, 0.032, Actual
05/08/25 07:40, 0.028, Actual
05/08/25 07:45, 0.031, Actual
05/08/25 07:50, 0.03, Actual
05/08/25 07:55, 0.031, Actual
05/08/25 08:00, 0.028, Actual
05/08/25 08:05, 0.02, Actual
05/08/25 08:10, 0.02, Actual
05/08/25 08:15, 0.112, Actual
05/08/25 08:20, 0.058, Actual
05/08/25 08:25, 0.084, Actual
05/08/25 08:30, 0.069, Actual
05/08/25 08:35, 0.064, Actual
05/08/25 08:40, 0.058, Actual
05/08/25 08:45, 0.057, Actual
05/08/25 08:50, 0.022, Actual
05/08/25 08:55, 0.054, Actual
05/08/25 09:00, 0.022, Actual
05/08/25 09:05, 0.058, Actual
05/08/25 09:10, 0.023, Actual
05/08/25 09:15, 0.061, Actual
05/08/25 09:20, 0.038, Actual
05/08/25 09:25, 0.109, Actual
05/08/25 09:30, 0.079, Actual
05/08/25 09:35, 0.102, Actual
05/08/25 09:40, 0.023, Actual
05/08/25 09:45, 0.044, Actual
05/08/25 09:50, 0.02, Actual
05/08/25 09:55, 0.018, Actual
05/08/25 10:00, 0.018, Actual
05/08/25 10:05, 0.018, Actual
05/08/25 10:10, 0.019, Actual
05/08/25 10:15, 0.019, Actual
05/08/25 10:20, 0.018, Actual
05/08/25 10:25, 0.018, Actual
05/08/25 10:30, 0.017, Actual
05/08/25 10:35, 0.018, Actual
05/08/25 10:40, 0.017, Actual
05/08/25 10:45, 0.018, Actual
05/08/25 10:50, 0.023, Actual
05/08/25 10:55, 0.193, Actual
05/08/25 11:00, 0.193, Actual
05/08/25 11:05, 0.11, Actual
05/08/25 11:10, 0.055, Actual
05/08/25 11:15, 0.025, Actual
05/08/25 11:20, 0.124, Actual
05/08/25 11:25, 0.025, Actual
05/08/25 11:30, 0.022, Actual
05/08/25 11:35, 0.025, Actual
05/08/25 11:40, 0.021, Actual
05/08/25 11:45, 0.026, Actual
05/08/25 11:50, 0.035, Actual
05/08/25 11:55, 0.018, Actual
05/08/25 12:00, 0.02, Actual
05/08/25 12:05, 0.022, Actual
05/08/25 12:10, 0.193, Actual
05/08/25 12:15, 0.193, Actual
05/08/25 12:20, 0.022, Actual
05/08/25 12:25, 0.149, Actual
05/08/25 12:30, 0.197, Actual
05/08/25 12:35, 0.047, Actual
05/08/25 12:40, 0.021, Actual
05/08/25 12:45, 0.052, Actual
05/08/25 12:50, 0.022, Actual
05/08/25 12:55, 0.024, Actual
05/08/25 13:00, 0.024, Actual
05/08/25 13:05, 0.024, Actual
05/08/25 13:10, 0.022, Actual
05/08/25 13:15, 0.024, Actual
05/08/25 13:20, 0.036, Actual
05/08/25 13:25, 0.116, Actual
05/08/25 13:30, 0.017, Actual
05/08/25 13:35, 0.017, Actual
05/08/25 13:40, 0.026, Actual
05/08/25 13:45, 0.017, Actual
05/08/25 13:50, 0.017, Actual
05/08/25 13:55, 0.017, Actual
05/08/25 14:00, 0.017, Actual
05/08/25 14:05, 0.016, Actual
05/08/25 14:10, 0.017, Actual
05/08/25 14:15, 0.017, Actual
05/08/25 14:20, 0.016, Actual
05/08/25 14:25, 0.02, Actual
05/08/25 14:30, 0.043, Actual
05/08/25 14:35, 0.042, Actual
05/08/25 14:40, 0.043, Actual
05/08/25 14:45, 0.042, Actual
05/08/25 14:50, 0.033, Actual
05/08/25 14:55, 0.028, Actual
05/08/25 15:00, 0.02, Actual
05/08/25 15:05, 0.019, Actual
05/08/25 15:10, 0.021, Actual
05/08/25 15:15, 0.018, Actual
05/08/25 15:20, 0.018, Actual
05/08/25 15:25, 0.023, Actual
05/08/25 15:30, 0.03, Actual
05/08/25 15:35, 0.047, Actual
05/08/25 15:40, 0.042, Actual
05/08/25 15:45, 0.043, Actual
05/08/25 15:50, 0.043, Actual
05/08/25 15:55, 0.052, Actual
05/08/25 16:00, 0.044, Actual
05/08/25 16:05, 0.054, Actual
05/08/25 16:10, 0.05, Actual
05/08/25 16:15, 0.077, Actual
05/08/25 16:20, 0.391, Actual
05/08/25 16:25, 0.161, Actual
05/08/25 16:30, 0.148, Actual
05/08/25 16:35, 0.138, Actual
05/08/25 16:40, 0.131, Actual
05/08/25 16:45, 0.132, Actual
05/08/25 16:50, 0.13, Actual
05/08/25 16:55, 0.13, Actual
05/08/25 17:00, 0.132, Actual
05/08/25 17:05, 0.158, Actual
05/08/25 17:10, 0.14, Actual
05/08/25 17:15, 0.152, Actual
05/08/25 17:20, 0.153, Actual
05/08/25 17:25, 0.313, Actual
05/08/25 17:30, 0.151, Actual
05/08/25 17:35, 0.244, Actual
05/08/25 17:40, 0.234, Actual
05/08/25 17:45, 0.214, Actual
05/08/25 17:50, 0.195, Actual
05/08/25 17:55, 0.159, Actual
05/08/25 18:00, 0.041, Actual
05/08/25 18:05, 0.066, Actual
05/08/25 18:10, 0.024, Actual
05/08/25 18:15, 0.023, Actual
05/08/25 18:20, 0.058, Actual
05/08/25 18:25, 0.025, Actual
05/08/25 18:30, 0.063, Actual
05/08/25 18:35, 0.267, Actual
05/08/25 18:40, 0.261, Actual
05/08/25 18:45, 0.088, Actual
05/08/25 18:50, 0.125, Actual
05/08/25 18:55, 0.184, Actual
05/08/25 19:00, 0.175, Actual
05/08/25 19:05, 0.08, Actual
05/08/25 19:10, 0.071, Actual
05/08/25 19:15, 0.074, Actual
05/08/25 19:20, 0.09, Actual
05/08/25 19:25, 0.043, Actual
05/08/25 19:30, 0.07, Actual
05/08/25 19:35, 0.073, Actual
05/08/25 19:40, 0.238, Actual
05/08/25 19:45, 0.232, Actual
05/08/25 19:50, 0.227, Actual
05/08/25 19:55, 0.069, Actual
05/08/25 20:00, 0.065, Actual
05/08/25 20:05, 0.085, Actual
05/08/25 20:10, 0.052, Actual
05/08/25 20:15, 0.067, Actual
05/08/25 20:20, 0.048, Actual
05/08/25 20:25, 0.032, Actual
05/08/25 20:30, 0.029, Actual
05/08/25 20:35, 0.026, Actual
05/08/25 20:40, 0.03, Actual
05/08/25 20:45, 0.04, Actual
05/08/25 20:50, 0.038, Actual
05/08/25 20:55, 0.039, Actual
05/08/25 21:00, 0.037, Actual
05/08/25 21:05, 0.035, Actual
05/08/25 21:10, 0.032, Actual
05/08/25 21:15, 0.031, Actual
05/08/25 21:20, 0.033, Actual
05/08/25 21:25, 0.034, Actual
05/08/25 21:30, 0.088, Actual
05/08/25 21:35, 0.071, Actual
05/08/25 21:40, 0.06, Actual
05/08/25 21:45, 0.053, Actual
05/08/25 21:50, 0.017, Actual
05/08/25 21:55, 0.015, Actual
05/08/25 22:00, 0.015, Actual
05/08/25 22:05, 0.015, Actual
05/08/25 22:10, 0.014, Actual
05/08/25 22:15, 0.015, Actual
05/08/25 22:20, 0.015, Actual
05/08/25 22:25, 0.015, Actual
05/08/25 22:30, 0.015, Actual
05/08/25 22:35, 0.014, Actual
05/08/25 22:40, 0.015, Actual
05/08/25 22:45, 0.015, Actual
05/08/25 22:50, 0.015, Actual
05/08/25 22:55, 0.015, Actual
05/08/25 23:00, 0.015, Actual
05/08/25 23:05, 0.014, Actual
05/08/25 23:10, 0.015, Actual
05/08/25 23:15, 0.015, Actual
05/08/25 23:20, 0.015, Actual
05/08/25 23:25, 0.015, Actual
05/08/25 23:30, 0.015, Actual
05/08/25 23:35, 0.015, Actual
05/08/25 23:40, 0.015, Actual
05/08/25 23:45, 0.015, Actual
05/08/25 23:50, 0.015, Actual
05/08/25 23:55, 0.016, Actual
06/08/25 00:00, 0.016, Actual
06/08/25 00:05, 0.016, Actual
06/08/25 00:10, 0.017, Actual
06/08/25 00:15, 0.016, Actual
06/08/25 00:20, 0.016, Actual
06/08/25 00:25, 0.017, Actual
06/08/25 00:30, 0.016, Actual
06/08/25 00:35, 0.016, Actual
06/08/25 00:40, 0.017, Actual
06/08/25 00:45, 0.016, Actual
06/08/25 00:50, 0.017, Actual
06/08/25 00:55, 0.016, Actual
06/08/25 01:00, 0.016, Actual
06/08/25 01:05, 0.017, Actual
06/08/25 01:10, 0.016, Actual
06/08/25 01:15, 0.017, Actual
06/08/25 01:20, 0.016, Actual
06/08/25 01:25, 0.016, Actual
06/08/25 01:30, 0.017, Actual
06/08/25 01:35, 0.016, Actual
06/08/25 01:40, 0.016, Actual
06/08/25 01:45, 0.017, Actual
06/08/25 01:50, 0.016, Actual
06/08/25 01:55, 0.017, Actual
06/08/25 02:00, 0.016, Actual
06/08/25 02:05, 0.016, Actual
06/08/25 02:10, 0.017, Actual
06/08/25 02:15, 0.016, Actual
06/08/25 02:20, 0.017, Actual
06/08/25 02:25, 0.016, Actual
06/08/25 02:30, 0.016, Actual
06/08/25 02:35, 0.017, Actual
06/08/25 02:40, 0.016, Actual
06/08/25 02:45, 0.016, Actual
06/08/25 02:50, 0.017, Actual
06/08/25 02:55, 0.016, Actual
06/08/25 03:00, 0.017, Actual
06/08/25 03:05, 0.016, Actual
06/08/25 03:10, 0.016, Actual
06/08/25 03:15, 0.016, Actual
06/08/25 03:20, 0.017, Actual
06/08/25 03:25, 0.017, Actual
06/08/25 03:30, 0.025, Actual
06/08/25 03:35, 0.016, Actual
06/08/25 03:40, 0.017, Actual
06/08/25 03:45, 0.016, Actual
06/08/25 03:50, 0.016, Actual
06/08/25 03:55, 0.017, Actual
06/08/25 04:00, 0.016, Actual
06/08/25 04:05, 0.013, Actual
06/08/25 04:10, 0.029, Actual
06/08/25 04:15, 0.03, Actual
06/08/25 04:20, 0.029, Actual
06/08/25 04:25, 0.029, Actual
06/08/25 04:30, 0.029, Actual
06/08/25 04:35, 0.013, Actual
06/08/25 04:40, 0.018, Actual
06/08/25 04:45, 0.019, Actual
06/08/25 04:50, 0.018, Actual
06/08/25 04:55, 0.018, Actual
06/08/25 05:00, 0.018, Actual
06/08/25 05:05, 0.017, Actual
06/08/25 05:10, 0.017, Actual
06/08/25 05:15, 0.017, Actual
06/08/25 05:20, 0.017, Actual
06/08/25 05:25, 0.017, Actual
06/08/25 05:30, 0.017, Actual
06/08/25 05:35, 0.017, Actual
06/08/25 05:40, 0.016, Actual
06/08/25 05:45, 0.017, Actual
06/08/25 05:50, 0.016, Actual
06/08/25 05:55, 0.017, Actual
06/08/25 06:00, 0.018, Actual
06/08/25 06:05, 0.022, Actual
06/08/25 06:10, 0.023, Actual
06/08/25 06:15, 0.045, Actual
06/08/25 06:20, 0.026, Actual
06/08/25 06:25, 0.063, Actual
06/08/25 06:30, 0.06, Actual
06/08/25 06:35, 0.025, Actual
06/08/25 06:40, 0.052, Actual
06/08/25 06:45, 0.178, Actual
06/08/25 06:50, 0.349, Actual
06/08/25 06:55, 0.299, Actual
06/08/25 07:00, 0.347, Actual
06/08/25 07:05, 0.255, Actual
06/08/25 07:10, 0.315, Actual
06/08/25 07:15, 0.192, Actual
06/08/25 07:20, 0.228, Actual
06/08/25 07:25, 0.27, Actual
06/08/25 07:30, 0.037, Actual
06/08/25 07:35, 0.068, Actual
06/08/25 07:40, 0.132, Actual
06/08/25 07:45, 0.028, Actual
06/08/25 07:50, 0.065, Actual
06/08/25 07:55, 0.123, Actual
06/08/25 08:00, 0.04, Actual
06/08/25 08:05, 0.11, Actual
06/08/25 08:10, 0.047, Actual
06/08/25 08:15, 0.088, Actual
06/08/25 08:20, 0.032, Actual
06/08/25 08:25, 0.015, Actual
06/08/25 08:30, 0.014, Actual
06/08/25 08:35, 0.014, Actual
06/08/25 08:40, 0.014, Actual
06/08/25 08:45, 0.015, Actual
06/08/25 08:50, 0.015, Actual
06/08/25 08:55, 0.014, Actual
06/08/25 09:00, 0.015, Actual
06/08/25 09:05, 0.015, Actual
06/08/25 09:10, 0.015, Actual
06/08/25 09:15, 0.014, Actual
06/08/25 09:20, 0.015, Actual
06/08/25 09:25, 0.014, Actual
06/08/25 09:30, 0.015, Actual
06/08/25 09:35, 0.015, Actual
06/08/25 09:40, 0.014, Actual
06/08/25 09:45, 0.015, Actual
06/08/25 09:50, 0.014, Actual
06/08/25 09:55, 0.015, Actual
06/08/25 10:00, 0.015, Actual
06/08/25 10:05, 0.015, Actual
06/08/25 10:10, 0.014, Actual
06/08/25 10:15, 0.015, Actual
06/08/25 10:20, 0.015, Actual
06/08/25 10:25, 0.016, Actual
06/08/25 10:30, 0.017, Actual
06/08/25 10:35, 0.017, Actual
06/08/25 10:40, 0.016, Actual
06/08/25 10:45, 0.017, Actual
06/08/25 10:50, 0.016, Actual
06/08/25 10:55, 0.017, Actual
06/08/25 11:00, 0.017, Actual
06/08/25 11:05, 0.017, Actual
06/08/25 11:10, 0.016, Actual
06/08/25 11:15, 0.017, Actual
06/08/25 11:20, 0.017, Actual
06/08/25 11:25, 0.016, Actual
06/08/25 11:30, 0.017, Actual
06/08/25 11:35, 0.016, Actual
06/08/25 11:40, 0.017, Actual
06/08/25 11:45, 0.017, Actual
06/08/25 11:50, 0.017, Actual
06/08/25 11:55, 0.016, Actual
06/08/25 12:00, 0.017, Actual
06/08/25 12:05, 0.017, Actual
06/08/25 12:10, 0.017, Actual
06/08/25 12:15, 0.017, Actual
06/08/25 12:20, 0.017, Actual
06/08/25 12:25, 0.017, Actual
06/08/25 12:30, 0.016, Actual
06/08/25 12:35, 0.017, Actual
06/08/25 12:40, 0.016, Actual
06/08/25 12:45, 0.016, Actual
06/08/25 12:50, 0.017, Actual
06/08/25 12:55, 0.016, Actual
06/08/25 13:00, 0.017, Actual
06/08/25 13:05, 0.019, Actual
06/08/25 13:10, 0.044, Actual
06/08/25 13:15, 0.124, Actual
06/08/25 13:20, 0.205, Actual
06/08/25 13:25, 0.193, Actual
06/08/25 13:30, 0.042, Actual
06/08/25 13:35, 0.199, Actual
06/08/25 13:40, 0.226, Actual
06/08/25 13:45, 0.177, Actual
06/08/25 13:50, 0.023, Actual
06/08/25 13:55, 0.023, Actual
06/08/25 14:00, 0.037, Actual
06/08/25 14:05, 0.037, Actual
06/08/25 14:10, 0.037, Actual
06/08/25 14:15, 0.034, Actual
06/08/25 14:20, 0.036, Actual
06/08/25 14:25, 0.036, Actual
06/08/25 14:30, 0.035, Actual
06/08/25 14:35, 0.049, Actual
06/08/25 14:40, 0.04, Actual
06/08/25 14:45, 0.032, Actual
06/08/25 14:50, 0.031, Actual
06/08/25 14:55, 0.031, Actual
06/08/25 15:00, 0.031, Actual
06/08/25 15:05, 0.031, Actual
06/08/25 15:10, 0.034, Actual
06/08/25 15:15, 0.034, Actual
06/08/25 15:20, 0.042, Actual
06/08/25 15:25, 0.042, Actual
06/08/25 15:30, 0.058, Actual
06/08/25 15:35, 0.05, Actual
06/08/25 15:40, 0.06, Actual
06/08/25 15:45, 0.058, Actual
06/08/25 15:50, 0.059, Actual
06/08/25 15:55, 0.058, Actual
06/08/25 16:00, 0.059, Actual
06/08/25 16:05, 0.058, Actual
06/08/25 16:10, 0.058, Actual
06/08/25 16:15, 0.057, Actual
06/08/25 16:20, 0.057, Actual
06/08/25 16:25, 0.049, Actual
06/08/25 16:30, 0.053, Actual
06/08/25 16:35, 0.331, Actual
06/08/25 16:40, 0.216, Actual
06/08/25 16:45, 0.166, Actual
06/08/25 16:50, 0.233, Actual
06/08/25 16:55, 0.197, Actual
06/08/25 17:00, 0.179, Actual
06/08/25 17:05, 0.159, Actual
06/08/25 17:10, 0.218, Actual
06/08/25 17:15, 0.181, Actual
06/08/25 17:20, 0.15, Actual
06/08/25 17:25, 0.154, Actual
06/08/25 17:30, 0.159, Actual
06/08/25 17:35, 0.206, Actual
06/08/25 17:40, 0.289, Actual
06/08/25 17:45, 0.252, Actual
06/08/25 17:50, 0.226, Actual
06/08/25 17:55, 0.167, Actual
06/08/25 18:00, 0.092, Actual
06/08/25 18:05, 0.068, Actual
06/08/25 18:10, 0.068, Actual
06/08/25 18:15, 0.034, Actual
06/08/25 18:20, 0.067, Actual
06/08/25 18:25, 0.026, Actual
06/08/25 18:30, 0.058, Actual
06/08/25 18:35, 0.052, Actual
06/08/25 18:40, 0.191, Actual
06/08/25 18:45, 0.067, Actual
06/08/25 18:50, 0.117, Actual
06/08/25 18:55, 0.077, Actual
06/08/25 19:00, 0.115, Actual
06/08/25 19:05, 0.056, Actual
06/08/25 19:10, 0.127, Actual
06/08/25 19:15, 0.071, Actual
06/08/25 19:20, 0.223, Actual
06/08/25 19:25, 0.093, Actual
06/08/25 19:30, 0.11, Actual
06/08/25 19:35, 0.076, Actual
06/08/25 19:40, 0.071, Actual
06/08/25 19:45, 0.126, Actual
06/08/25 19:50, 0.249, Actual
06/08/25 19:55, 0.102, Actual
06/08/25 20:00, 0.032, Actual
06/08/25 20:05, 0.029, Actual
06/08/25 20:10, 0.083, Actual
06/08/25 20:15, 0.192, Actual
06/08/25 20:20, 0.041, Actual
06/08/25 20:25, 0.04, Actual
06/08/25 20:30, 0.039, Actual
06/08/25 20:35, 0.037, Actual
06/08/25 20:40, 0.036, Actual
06/08/25 20:45, 0.035, Actual
06/08/25 20:50, 0.034, Actual
06/08/25 20:55, 0.035, Actual
06/08/25 21:00, 0.035, Actual
06/08/25 21:05, 0.035, Actual
06/08/25 21:10, 0.119, Actual
06/08/25 21:15, 0.201, Actual
06/08/25 21:20, 0.197, Actual
06/08/25 21:25, 0.097, Actual
06/08/25 21:30, 0.083, Actual
06/08/25 21:35, 0.074, Actual
06/08/25 21:40, 0.058, Actual
06/08/25 21:45, 0.062, Actual
06/08/25 21:50, 0.018, Actual
06/08/25 21:55, 0.017, Actual
06/08/25 22:00, 0.017, Actual
06/08/25 22:05, 0.017, Actual
06/08/25 22:10, 0.017, Actual
06/08/25 22:15, 0.017, Actual
06/08/25 22:20, 0.017, Actual
06/08/25 22:25, 0.016, Actual
06/08/25 22:30, 0.016, Actual
06/08/25 22:35, 0.015, Actual
06/08/25 22:40, 0.015, Actual
06/08/25 22:45, 0.015, Actual
06/08/25 22:50, 0.015, Actual
06/08/25 22:55, 0.015, Actual
06/08/25 23:00, 0.015, Actual
06/08/25 23:05, 0.015, Actual
06/08/25 23:10, 0.015, Actual
06/08/25 23:15, 0.015, Actual
06/08/25 23:20, 0.014, Actual
06/08/25 23:25, 0.015, Actual
06/08/25 23:30, 0.015, Actual
06/08/25 23:35, 0.015, Actual
06/08/25 23:40, 0.015, Actual
06/08/25 23:45, 0.016, Actual
06/08/25 23:50, 0.015, Actual
06/08/25 23:55, 0.015, Actual
07/08/25 00:00, 0.015, Actual
07/08/25 00:05, 0.016, Actual
07/08/25 00:10, 0.017, Actual
07/08/25 00:15, 0.016, Actual
07/08/25 00:20, 0.017, Actual
07/08/25 00:25, 0.016, Actual
07/08/25 00:30, 0.017, Actual
07/08/25 00:35, 0.017, Actual
07/08/25 00:40, 0.016, Actual
07/08/25 00:45, 0.017, Actual
07/08/25 00:50, 0.016, Actual
07/08/25 00:55, 0.017, Actual
07/08/25 01:00, 0.017, Actual
07/08/25 01:05, 0.016, Actual
07/08/25 01:10, 0.017, Actual
07/08/25 01:15, 0.017, Actual
07/08/25 01:20, 0.016, Actual
07/08/25 01:25, 0.017, Actual
07/08/25 01:30, 0.016, Actual
07/08/25 01:35, 0.017, Actual
07/08/25 01:40, 0.017, Actual
07/08/25 01:45, 0.016, Actual
07/08/25 01:50, 0.017, Actual
07/08/25 01:55, 0.016, Actual
07/08/25 02:00, 0.017, Actual
07/08/25 02:05, 0.017, Actual
07/08/25 02:10, 0.016, Actual
07/08/25 02:15, 0.017, Actual
07/08/25 02:20, 0.017, Actual
07/08/25 02:25, 0.016, Actual
07/08/25 02:30, 0.017, Actual
07/08/25 02:35, 0.017, Actual
07/08/25 02:40, 0.016, Actual
07/08/25 02:45, 0.017, Actual
07/08/25 02:50, 0.016, Actual
07/08/25 02:55, 0.017, Actual
07/08/25 03:00, 0.017, Actual
07/08/25 03:05, 0.016, Actual
07/08/25 03:10, 0.017, Actual
07/08/25 03:15, 0.016, Actual
07/08/25 03:20, 0.017, Actual
07/08/25 03:25, 0.017, Actual
07/08/25 03:30, 0.016, Actual
07/08/25 03:35, 0.017, Actual
07/08/25 03:40, 0.016, Actual
07/08/25 03:45, 0.017, Actual
07/08/25 03:50, 0.016, Actual
07/08/25 03:55, 0.017, Actual
07/08/25 04:00, 0.017, Actual
07/08/25 04:05, 0.016, Actual
07/08/25 04:10, 0.017, Actual
07/08/25 04:15, 0.017, Actual
07/08/25 04:20, 0.016, Actual
07/08/25 04:25, 0.017, Actual
07/08/25 04:30, 0.016, Actual
07/08/25 04:35, 0.017, Actual
07/08/25 04:40, 0.016, Actual
07/08/25 04:45, 0.017, Actual
07/08/25 04:50, 0.016, Actual
07/08/25 04:55, 0.017, Actual
07/08/25 05:00, 0.017, Actual
07/08/25 05:05, 0.016, Actual
07/08/25 05:10, 0.017, Actual
07/08/25 05:15, 0.016, Actual
07/08/25 05:20, 0.017, Actual
07/08/25 05:25, 0.024, Actual
07/08/25 05:30, 0.016, Actual
07/08/25 05:35, 0.017, Actual
07/08/25 05:40, 0.016, Actual
07/08/25 05:45, 0.017, Actual
07/08/25 05:50, 0.017, Actual
07/08/25 05:55, 0.016, Actual
07/08/25 06:00, 0.018, Actual
07/08/25 06:05, 0.021, Actual
07/08/25 06:10, 0.022, Actual
07/08/25 06:15, 0.023, Actual
07/08/25 06:20, 0.022, Actual
07/08/25 06:25, 0.022, Actual
07/08/25 06:30, 0.22, Actual
07/08/25 06:35, 0.205, Actual
07/08/25 06:40, 0.085, Actual
07/08/25 06:45, 0.125, Actual
07/08/25 06:50, 0.362, Actual
07/08/25 06:55, 0.355, Actual
07/08/25 07:00, 0.318, Actual
07/08/25 07:05, 0.198, Actual
07/08/25 07:10, 0.337, Actual
07/08/25 07:15, 0.263, Actual
07/08/25 07:20, 0.355, Actual
07/08/25 07:25, 0.222, Actual
07/08/25 07:30, 0.12, Actual
07/08/25 07:35, 0.054, Actual
07/08/25 07:40, 0.129, Actual
07/08/25 07:45, 0.04, Actual
07/08/25 07:50, 0.149, Actual
07/08/25 07:55, 0.032, Actual
07/08/25 08:00, 0.031, Actual
07/08/25 08:05, 0.025, Actual
07/08/25 08:10, 0.02, Actual
07/08/25 08:15, 0.017, Actual
07/08/25 08:20, 0.016, Actual
07/08/25 08:25, 0.015, Actual
07/08/25 08:30, 0.015, Actual
07/08/25 08:35, 0.015, Actual
07/08/25 08:40, 0.015, Actual
07/08/25 08:45, 0.015, Actual
07/08/25 08:50, 0.015, Actual
07/08/25 08:55, 0.015, Actual
07/08/25 09:00, 0.016, Actual
07/08/25 09:05, 0.015, Actual
07/08/25 09:10, 0.015, Actual
07/08/25 09:15, 0.015, Actual
07/08/25 09:20, 0.015, Actual
07/08/25 09:25, 0.015, Actual
07/08/25 09:30, 0.015, Actual
07/08/25 09:35, 0.015, Actual
07/08/25 09:40, 0.014, Actual
07/08/25 09:45, 0.012, Actual
07/08/25 09:50, 0.024, Actual
07/08/25 09:55, 0.029, Actual
07/08/25 10:00, 0.028, Actual
07/08/25 10:05, 0.028, Actual
07/08/25 10:10, 0.027, Actual
07/08/25 10:15, 0.02, Actual
07/08/25 10:20, 0.017, Actual
07/08/25 10:25, 0.019, Actual
07/08/25 10:30, 0.019, Actual
07/08/25 10:35, 0.02, Actual
07/08/25 10:40, 0.019, Actual
07/08/25 10:45, 0.019, Actual
07/08/25 10:50, 0.019, Actual
07/08/25 10:55, 0.018, Actual
07/08/25 11:00, 0.019, Actual
07/08/25 11:05, 0.018, Actual
07/08/25 11:10, 0.018, Actual
07/08/25 11:15, 0.018, Actual
07/08/25 11:20, 0.018, Actual
07/08/25 11:25, 0.018, Actual
07/08/25 11:30, 0.018, Actual
07/08/25 11:35, 0.018, Actual
07/08/25 11:40, 0.018, Actual
07/08/25 11:45, 0.018, Actual
07/08/25 11:50, 0.018, Actual
07/08/25 11:55, 0.033, Actual
07/08/25 12:00, 0.195, Actual
07/08/25 12:05, 0.189, Actual
07/08/25 12:10, 0.176, Actual
07/08/25 12:15, 0.023, Actual
07/08/25 12:20, 0.024, Actual
07/08/25 12:25, 0.022, Actual
07/08/25 12:30, 0.024, Actual
07/08/25 12:35, 0.023, Actual
07/08/25 12:40, 0.027, Actual
07/08/25 12:45, 0.017, Actual
07/08/25 12:50, 0.018, Actual
07/08/25 12:55, 0.019, Actual
07/08/25 13:00, 0.204, Actual
07/08/25 13:05, 0.195, Actual
07/08/25 13:10, 0.198, Actual
07/08/25 13:15, 0.07, Actual
07/08/25 13:20, 0.036, Actual
07/08/25 13:25, 0.047, Actual
07/08/25 13:30, 0.052, Actual
07/08/25 13:35, 0.036, Actual
07/08/25 13:40, 0.134, Actual
07/08/25 13:45, 0.03, Actual
07/08/25 13:50, 0.029, Actual
07/08/25 13:55, 0.028, Actual
07/08/25 14:00, 0.028, Actual
07/08/25 14:05, 0.028, Actual
07/08/25 14:10, 0.029, Actual
07/08/25 14:15, 0.028, Actual
07/08/25 14:20, 0.029, Actual
07/08/25 14:25, 0.028, Actual
07/08/25 14:30, 0.028, Actual
07/08/25 14:35, 0.029, Actual
07/08/25 14:40, 0.028, Actual
07/08/25 14:45, 0.028, Actual
07/08/25 14:50, 0.017, Actual
07/08/25 14:55, 0.017, Actual
07/08/25 15:00, 0.017, Actual
07/08/25 15:05, 0.017, Actual
07/08/25 15:10, 0.018, Actual
07/08/25 15:15, 0.025, Actual
07/08/25 15:20, 0.017, Actual
07/08/25 15:25, 0.017, Actual
07/08/25 15:30, 0.018, Actual
07/08/25 15:35, 0.023, Actual
07/08/25 15:40, 0.024, Actual
07/08/25 15:45, 0.026, Actual
07/08/25 15:50, 0.069, Actual
07/08/25 15:55, 0.064, Actual
07/08/25 16:00, 0.043, Actual
07/08/25 16:05, 0.043, Actual
07/08/25 16:10, 0.043, Actual
07/08/25 16:15, 0.041, Actual
07/08/25 16:20, 0.042, Actual
07/08/25 16:25, 0.037, Actual
07/08/25 16:30, 0.038, Actual
07/08/25 16:35, 0.043, Actual
07/08/25 16:40, 0.104, Actual
07/08/25 16:45, 0.372, Actual
07/08/25 16:50, 0.171, Actual
07/08/25 16:55, 0.149, Actual
07/08/25 17:00, 0.153, Actual
07/08/25 17:05, 0.147, Actual
07/08/25 17:10, 0.138, Actual
07/08/25 17:15, 0.135, Actual
07/08/25 17:20, 0.133, Actual
07/08/25 17:25, 0.128, Actual
07/08/25 17:30, 0.127, Actual
07/08/25 17:35, 0.151, Actual
07/08/25 17:40, 0.15, Actual
07/08/25 17:45, 0.145, Actual
07/08/25 17:50, 0.173, Actual
07/08/25 17:55, 0.175, Actual
07/08/25 18:00, 0.163, Actual
07/08/25 18:05, 0.126, Actual
07/08/25 18:10, 0.149, Actual
07/08/25 18:15, 0.178, Actual
07/08/25 18:20, 0.146, Actual
07/08/25 18:25, 0.152, Actual
07/08/25 18:30, 0.141, Actual
07/08/25 18:35, 0.152, Actual
07/08/25 18:40, 0.154, Actual
07/08/25 18:45, 0.146, Actual
07/08/25 18:50, 0.148, Actual
07/08/25 18:55, 0.18, Actual
07/08/25 19:00, 0.091, Actual
07/08/25 19:05, 0.118, Actual
07/08/25 19:10, 0.216, Actual
07/08/25 19:15, 0.116, Actual
07/08/25 19:20, 0.069, Actual
07/08/25 19:25, 0.082, Actual
07/08/25 19:30, 0.055, Actual
07/08/25 19:35, 0.083, Actual
07/08/25 19:40, 0.052, Actual
07/08/25 19:45, 0.077, Actual
07/08/25 19:50, 0.058, Actual
07/08/25 19:55, 0.242, Actual
07/08/25 20:00, 0.427, Actual
07/08/25 20:05, 0.339, Actual
07/08/25 20:10, 0.204, Actual
07/08/25 20:15, 0.139, Actual
07/08/25 20:20, 0.043, Actual
07/08/25 20:25, 0.042, Actual
07/08/25 20:30, 0.054, Actual
07/08/25 20:35, 0.046, Actual
07/08/25 20:40, 0.033, Actual
07/08/25 20:45, 0.032, Actual
07/08/25 20:50, 0.033, Actual
07/08/25 20:55, 0.032, Actual
07/08/25 21:00, 0.032, Actual
07/08/25 21:05, 0.032, Actual
07/08/25 21:10, 0.032, Actual
07/08/25 21:15, 0.032, Actual
07/08/25 21:20, 0.032, Actual
07/08/25 21:25, 0.033, Actual
07/08/25 21:30, 0.034, Actual
07/08/25 21:35, 0.03, Actual
07/08/25 21:40, 0.023, Actual
07/08/25 21:45, 0.026, Actual
07/08/25 21:50, 0.021, Actual
07/08/25 21:55, 0.022, Actual
07/08/25 22:00, 0.016, Actual
07/08/25 22:05, 0.016, Actual
07/08/25 22:10, 0.016, Actual
07/08/25 22:15, 0.016, Actual
07/08/25 22:20, 0.016, Actual
07/08/25 22:25, 0.017, Actual
07/08/25 22:30, 0.016, Actual
07/08/25 22:35, 0.016, Actual
07/08/25 22:40, 0.016, Actual
07/08/25 22:45, 0.015, Actual
07/08/25 22:50, 0.016, Actual
07/08/25 22:55, 0.017, Actual
07/08/25 23:00, 0.016, Actual
07/08/25 23:05, 0.016, Actual
07/08/25 23:10, 0.016, Actual
07/08/25 23:15, 0.016, Actual
07/08/25 23:20, 0.017, Actual
07/08/25 23:25, 0.016, Actual
07/08/25 23:30, 0.016, Actual
07/08/25 23:35, 0.017, Actual
07/08/25 23:40, 0.016, Actual
07/08/25 23:45, 0.016, Actual
07/08/25 23:50, 0.016, Actual
07/08/25 23:55, 0.017, Actual
